cell_id,center_lat,center_lon
0,12.7045,77.3045
1,12.7045,77.3135
2,12.7045,77.3225
3,12.7045,77.3315
4,12.7045,77.3405
5,12.7045,77.3495
6,12.7045,77.3585
7,12.7045,77.3675
8,12.7045,77.3765
9,12.7045,77.3855
10,12.7045,77.3945
11,12.7045,77.4035
12,12.7045,77.4125
13,12.7045,77.4215
14,12.7045,77.4305
15,12.7045,77.4395
16,12.7045,77.4485
17,12.7045,77.4575
18,12.7045,77.4665
19,12.7045,77.4755
20,12.7045,77.4845
21,12.7045,77.4935
22,12.7045,77.5025
23,12.7045,77.5115
24,12.7045,77.5205
25,12.7045,77.5295
26,12.7045,77.5385
27,12.7045,77.5475
28,12.7045,77.5565
29,12.7045,77.5655
30,12.7045,77.5745
31,12.7045,77.5835
32,12.7045,77.5925
33,12.7045,77.6015
34,12.7045,77.6105
35,12.7045,77.6195
36,12.7045,77.6285
37,12.7045,77.6375
38,12.7045,77.6465
39,12.7045,77.6555
40,12.7045,77.6645
41,12.7045,77.6735
42,12.7045,77.6825
43,12.7045,77.6915
44,12.7045,77.7005
45,12.7045,77.7095
46,12.7045,77.7185
47,12.7045,77.7275
48,12.7045,77.7365
49,12.7045,77.7455
50,12.7045,77.7545
51,12.7045,77.7635
52,12.7045,77.7725
53,12.7045,77.7815
54,12.7045,77.7905
55,12.7045,77.7995
56,12.7045,77.8085
57,12.7045,77.8175
58,12.7045,77.8265
59,12.7045,77.8355
60,12.7045,77.8445
61,12.7045,77.8535
62,12.7045,77.8625
63,12.7045,77.8715
64,12.7045,77.8805
65,12.7045,77.8895
66,12.7045,77.8985
67,12.7135,77.3045
68,12.7135,77.3135
69,12.7135,77.3225
70,12.7135,77.3315
71,12.7135,77.3405
72,12.7135,77.3495
73,12.7135,77.3585
74,12.7135,77.3675
75,12.7135,77.3765
76,12.7135,77.3855
77,12.7135,77.3945
78,12.7135,77.4035
79,12.7135,77.4125
80,12.7135,77.4215
81,12.7135,77.4305
82,12.7135,77.4395
83,12.7135,77.4485
84,12.7135,77.4575
85,12.7135,77.4665
86,12.7135,77.4755
87,12.7135,77.4845
88,12.7135,77.4935
89,12.7135,77.5025
90,12.7135,77.5115
91,12.7135,77.5205
92,12.7135,77.5295
93,12.7135,77.5385
94,12.7135,77.5475
95,12.7135,77.5565
96,12.7135,77.5655
97,12.7135,77.5745
98,12.7135,77.5835
99,12.7135,77.5925
100,12.7135,77.6015
101,12.7135,77.6105
102,12.7135,77.6195
103,12.7135,77.6285
104,12.7135,77.6375
105,12.7135,77.6465
106,12.7135,77.6555
107,12.7135,77.6645
108,12.7135,77.6735
109,12.7135,77.6825
110,12.7135,77.6915
111,12.7135,77.7005
112,12.7135,77.7095
113,12.7135,77.7185
114,12.7135,77.7275
115,12.7135,77.7365
116,12.7135,77.7455
117,12.7135,77.7545
118,12.7135,77.7635
119,12.7135,77.7725
120,12.7135,77.7815
121,12.7135,77.7905
122,12.7135,77.7995
123,12.7135,77.8085
124,12.7135,77.8175
125,12.7135,77.8265
126,12.7135,77.8355
127,12.7135,77.8445
128,12.7135,77.8535
129,12.7135,77.8625
130,12.7135,77.8715
131,12.7135,77.8805
132,12.7135,77.8895
133,12.7135,77.8985
134,12.7225,77.3045
135,12.7225,77.3135
136,12.7225,77.3225
137,12.7225,77.3315
138,12.7225,77.3405
139,12.7225,77.3495
140,12.7225,77.3585
141,12.7225,77.3675
142,12.7225,77.3765
143,12.7225,77.3855
144,12.7225,77.3945
145,12.7225,77.4035
146,12.7225,77.4125
147,12.7225,77.4215
148,12.7225,77.4305
149,12.7225,77.4395
150,12.7225,77.4485
151,12.7225,77.4575
152,12.7225,77.4665
153,12.7225,77.4755
154,12.7225,77.4845
155,12.7225,77.4935
156,12.7225,77.5025
157,12.7225,77.5115
158,12.7225,77.5205
159,12.7225,77.5295
160,12.7225,77.5385
161,12.7225,77.5475
162,12.7225,77.5565
163,12.7225,77.5655
164,12.7225,77.5745
165,12.7225,77.5835
166,12.7225,77.5925
167,12.7225,77.6015
168,12.7225,77.6105
169,12.7225,77.6195
170,12.7225,77.6285
171,12.7225,77.6375
172,12.7225,77.6465
173,12.7225,77.6555
174,12.7225,77.6645
175,12.7225,77.6735
176,12.7225,77.6825
177,12.7225,77.6915
178,12.7225,77.7005
179,12.7225,77.7095
180,12.7225,77.7185
181,12.7225,77.7275
182,12.7225,77.7365
183,12.7225,77.7455
184,12.7225,77.7545
185,12.7225,77.7635
186,12.7225,77.7725
187,12.7225,77.7815
188,12.7225,77.7905
189,12.7225,77.7995
190,12.7225,77.8085
191,12.7225,77.8175
192,12.7225,77.8265
193,12.7225,77.8355
194,12.7225,77.8445
195,12.7225,77.8535
196,12.7225,77.8625
197,12.7225,77.8715
198,12.7225,77.8805
199,12.7225,77.8895
200,12.7225,77.8985
201,12.7315,77.3045
202,12.7315,77.3135
203,12.7315,77.3225
204,12.7315,77.3315
205,12.7315,77.3405
206,12.7315,77.3495
207,12.7315,77.3585
208,12.7315,77.3675
209,12.7315,77.3765
210,12.7315,77.3855
211,12.7315,77.3945
212,12.7315,77.4035
213,12.7315,77.4125
214,12.7315,77.4215
215,12.7315,77.4305
216,12.7315,77.4395
217,12.7315,77.4485
218,12.7315,77.4575
219,12.7315,77.4665
220,12.7315,77.4755
221,12.7315,77.4845
222,12.7315,77.4935
223,12.7315,77.5025
224,12.7315,77.5115
225,12.7315,77.5205
226,12.7315,77.5295
227,12.7315,77.5385
228,12.7315,77.5475
229,12.7315,77.5565
230,12.7315,77.5655
231,12.7315,77.5745
232,12.7315,77.5835
233,12.7315,77.5925
234,12.7315,77.6015
235,12.7315,77.6105
236,12.7315,77.6195
237,12.7315,77.6285
238,12.7315,77.6375
239,12.7315,77.6465
240,12.7315,77.6555
241,12.7315,77.6645
242,12.7315,77.6735
243,12.7315,77.6825
244,12.7315,77.6915
245,12.7315,77.7005
246,12.7315,77.7095
247,12.7315,77.7185
248,12.7315,77.7275
249,12.7315,77.7365
250,12.7315,77.7455
251,12.7315,77.7545
252,12.7315,77.7635
253,12.7315,77.7725
254,12.7315,77.7815
255,12.7315,77.7905
256,12.7315,77.7995
257,12.7315,77.8085
258,12.7315,77.8175
259,12.7315,77.8265
260,12.7315,77.8355
261,12.7315,77.8445
262,12.7315,77.8535
263,12.7315,77.8625
264,12.7315,77.8715
265,12.7315,77.8805
266,12.7315,77.8895
267,12.7315,77.8985
268,12.7405,77.3045
269,12.7405,77.3135
270,12.7405,77.3225
271,12.7405,77.3315
272,12.7405,77.3405
273,12.7405,77.3495
274,12.7405,77.3585
275,12.7405,77.3675
276,12.7405,77.3765
277,12.7405,77.3855
278,12.7405,77.3945
279,12.7405,77.4035
280,12.7405,77.4125
281,12.7405,77.4215
282,12.7405,77.4305
283,12.7405,77.4395
284,12.7405,77.4485
285,12.7405,77.4575
286,12.7405,77.4665
287,12.7405,77.4755
288,12.7405,77.4845
289,12.7405,77.4935
290,12.7405,77.5025
291,12.7405,77.5115
292,12.7405,77.5205
293,12.7405,77.5295
294,12.7405,77.5385
295,12.7405,77.5475
296,12.7405,77.5565
297,12.7405,77.5655
298,12.7405,77.5745
299,12.7405,77.5835
300,12.7405,77.5925
301,12.7405,77.6015
302,12.7405,77.6105
303,12.7405,77.6195
304,12.7405,77.6285
305,12.7405,77.6375
306,12.7405,77.6465
307,12.7405,77.6555
308,12.7405,77.6645
309,12.7405,77.6735
310,12.7405,77.6825
311,12.7405,77.6915
312,12.7405,77.7005
313,12.7405,77.7095
314,12.7405,77.7185
315,12.7405,77.7275
316,12.7405,77.7365
317,12.7405,77.7455
318,12.7405,77.7545
319,12.7405,77.7635
320,12.7405,77.7725
321,12.7405,77.7815
322,12.7405,77.7905
323,12.7405,77.7995
324,12.7405,77.8085
325,12.7405,77.8175
326,12.7405,77.8265
327,12.7405,77.8355
328,12.7405,77.8445
329,12.7405,77.8535
330,12.7405,77.8625
331,12.7405,77.8715
332,12.7405,77.8805
333,12.7405,77.8895
334,12.7405,77.8985
335,12.7495,77.3045
336,12.7495,77.3135
337,12.7495,77.3225
338,12.7495,77.3315
339,12.7495,77.3405
340,12.7495,77.3495
341,12.7495,77.3585
342,12.7495,77.3675
343,12.7495,77.3765
344,12.7495,77.3855
345,12.7495,77.3945
346,12.7495,77.4035
347,12.7495,77.4125
348,12.7495,77.4215
349,12.7495,77.4305
350,12.7495,77.4395
351,12.7495,77.4485
352,12.7495,77.4575
353,12.7495,77.4665
354,12.7495,77.4755
355,12.7495,77.4845
356,12.7495,77.4935
357,12.7495,77.5025
358,12.7495,77.5115
359,12.7495,77.5205
360,12.7495,77.5295
361,12.7495,77.5385
362,12.7495,77.5475
363,12.7495,77.5565
364,12.7495,77.5655
365,12.7495,77.5745
366,12.7495,77.5835
367,12.7495,77.5925
368,12.7495,77.6015
369,12.7495,77.6105
370,12.7495,77.6195
371,12.7495,77.6285
372,12.7495,77.6375
373,12.7495,77.6465
374,12.7495,77.6555
375,12.7495,77.6645
376,12.7495,77.6735
377,12.7495,77.6825
378,12.7495,77.6915
379,12.7495,77.7005
380,12.7495,77.7095
381,12.7495,77.7185
382,12.7495,77.7275
383,12.7495,77.7365
384,12.7495,77.7455
385,12.7495,77.7545
386,12.7495,77.7635
387,12.7495,77.7725
388,12.7495,77.7815
389,12.7495,77.7905
390,12.7495,77.7995
391,12.7495,77.8085
392,12.7495,77.8175
393,12.7495,77.8265
394,12.7495,77.8355
395,12.7495,77.8445
396,12.7495,77.8535
397,12.7495,77.8625
398,12.7495,77.8715
399,12.7495,77.8805
400,12.7495,77.8895
401,12.7495,77.8985
402,12.7585,77.3045
403,12.7585,77.3135
404,12.7585,77.3225
405,12.7585,77.3315
406,12.7585,77.3405
407,12.7585,77.3495
408,12.7585,77.3585
409,12.7585,77.3675
410,12.7585,77.3765
411,12.7585,77.3855
412,12.7585,77.3945
413,12.7585,77.4035
414,12.7585,77.4125
415,12.7585,77.4215
416,12.7585,77.4305
417,12.7585,77.4395
418,12.7585,77.4485
419,12.7585,77.4575
420,12.7585,77.4665
421,12.7585,77.4755
422,12.7585,77.4845
423,12.7585,77.4935
424,12.7585,77.5025
425,12.7585,77.5115
426,12.7585,77.5205
427,12.7585,77.5295
428,12.7585,77.5385
429,12.7585,77.5475
430,12.7585,77.5565
431,12.7585,77.5655
432,12.7585,77.5745
433,12.7585,77.5835
434,12.7585,77.5925
435,12.7585,77.6015
436,12.7585,77.6105
437,12.7585,77.6195
438,12.7585,77.6285
439,12.7585,77.6375
440,12.7585,77.6465
441,12.7585,77.6555
442,12.7585,77.6645
443,12.7585,77.6735
444,12.7585,77.6825
445,12.7585,77.6915
446,12.7585,77.7005
447,12.7585,77.7095
448,12.7585,77.7185
449,12.7585,77.7275
450,12.7585,77.7365
451,12.7585,77.7455
452,12.7585,77.7545
453,12.7585,77.7635
454,12.7585,77.7725
455,12.7585,77.7815
456,12.7585,77.7905
457,12.7585,77.7995
458,12.7585,77.8085
459,12.7585,77.8175
460,12.7585,77.8265
461,12.7585,77.8355
462,12.7585,77.8445
463,12.7585,77.8535
464,12.7585,77.8625
465,12.7585,77.8715
466,12.7585,77.8805
467,12.7585,77.8895
468,12.7585,77.8985
469,12.7675,77.3045
470,12.7675,77.3135
471,12.7675,77.3225
472,12.7675,77.3315
473,12.7675,77.3405
474,12.7675,77.3495
475,12.7675,77.3585
476,12.7675,77.3675
477,12.7675,77.3765
478,12.7675,77.3855
479,12.7675,77.3945
480,12.7675,77.4035
481,12.7675,77.4125
482,12.7675,77.4215
483,12.7675,77.4305
484,12.7675,77.4395
485,12.7675,77.4485
486,12.7675,77.4575
487,12.7675,77.4665
488,12.7675,77.4755
489,12.7675,77.4845
490,12.7675,77.4935
491,12.7675,77.5025
492,12.7675,77.5115
493,12.7675,77.5205
494,12.7675,77.5295
495,12.7675,77.5385
496,12.7675,77.5475
497,12.7675,77.5565
498,12.7675,77.5655
499,12.7675,77.5745
500,12.7675,77.5835
501,12.7675,77.5925
502,12.7675,77.6015
503,12.7675,77.6105
504,12.7675,77.6195
505,12.7675,77.6285
506,12.7675,77.6375
507,12.7675,77.6465
508,12.7675,77.6555
509,12.7675,77.6645
510,12.7675,77.6735
511,12.7675,77.6825
512,12.7675,77.6915
513,12.7675,77.7005
514,12.7675,77.7095
515,12.7675,77.7185
516,12.7675,77.7275
517,12.7675,77.7365
518,12.7675,77.7455
519,12.7675,77.7545
520,12.7675,77.7635
521,12.7675,77.7725
522,12.7675,77.7815
523,12.7675,77.7905
524,12.7675,77.7995
525,12.7675,77.8085
526,12.7675,77.8175
527,12.7675,77.8265
528,12.7675,77.8355
529,12.7675,77.8445
530,12.7675,77.8535
531,12.7675,77.8625
532,12.7675,77.8715
533,12.7675,77.8805
534,12.7675,77.8895
535,12.7675,77.8985
536,12.7765,77.3045
537,12.7765,77.3135
538,12.7765,77.3225
539,12.7765,77.3315
540,12.7765,77.3405
541,12.7765,77.3495
542,12.7765,77.3585
543,12.7765,77.3675
544,12.7765,77.3765
545,12.7765,77.3855
546,12.7765,77.3945
547,12.7765,77.4035
548,12.7765,77.4125
549,12.7765,77.4215
550,12.7765,77.4305
551,12.7765,77.4395
552,12.7765,77.4485
553,12.7765,77.4575
554,12.7765,77.4665
555,12.7765,77.4755
556,12.7765,77.4845
557,12.7765,77.4935
558,12.7765,77.5025
559,12.7765,77.5115
560,12.7765,77.5205
561,12.7765,77.5295
562,12.7765,77.5385
563,12.7765,77.5475
564,12.7765,77.5565
565,12.7765,77.5655
566,12.7765,77.5745
567,12.7765,77.5835
568,12.7765,77.5925
569,12.7765,77.6015
570,12.7765,77.6105
571,12.7765,77.6195
572,12.7765,77.6285
573,12.7765,77.6375
574,12.7765,77.6465
575,12.7765,77.6555
576,12.7765,77.6645
577,12.7765,77.6735
578,12.7765,77.6825
579,12.7765,77.6915
580,12.7765,77.7005
581,12.7765,77.7095
582,12.7765,77.7185
583,12.7765,77.7275
584,12.7765,77.7365
585,12.7765,77.7455
586,12.7765,77.7545
587,12.7765,77.7635
588,12.7765,77.7725
589,12.7765,77.7815
590,12.7765,77.7905
591,12.7765,77.7995
592,12.7765,77.8085
593,12.7765,77.8175
594,12.7765,77.8265
595,12.7765,77.8355
596,12.7765,77.8445
597,12.7765,77.8535
598,12.7765,77.8625
599,12.7765,77.8715
600,12.7765,77.8805
601,12.7765,77.8895
602,12.7765,77.8985
603,12.7855,77.3045
604,12.7855,77.3135
605,12.7855,77.3225
606,12.7855,77.3315
607,12.7855,77.3405
608,12.7855,77.3495
609,12.7855,77.3585
610,12.7855,77.3675
611,12.7855,77.3765
612,12.7855,77.3855
613,12.7855,77.3945
614,12.7855,77.4035
615,12.7855,77.4125
616,12.7855,77.4215
617,12.7855,77.4305
618,12.7855,77.4395
619,12.7855,77.4485
620,12.7855,77.4575
621,12.7855,77.4665
622,12.7855,77.4755
623,12.7855,77.4845
624,12.7855,77.4935
625,12.7855,77.5025
626,12.7855,77.5115
627,12.7855,77.5205
628,12.7855,77.5295
629,12.7855,77.5385
630,12.7855,77.5475
631,12.7855,77.5565
632,12.7855,77.5655
633,12.7855,77.5745
634,12.7855,77.5835
635,12.7855,77.5925
636,12.7855,77.6015
637,12.7855,77.6105
638,12.7855,77.6195
639,12.7855,77.6285
640,12.7855,77.6375
641,12.7855,77.6465
642,12.7855,77.6555
643,12.7855,77.6645
644,12.7855,77.6735
645,12.7855,77.6825
646,12.7855,77.6915
647,12.7855,77.7005
648,12.7855,77.7095
649,12.7855,77.7185
650,12.7855,77.7275
651,12.7855,77.7365
652,12.7855,77.7455
653,12.7855,77.7545
654,12.7855,77.7635
655,12.7855,77.7725
656,12.7855,77.7815
657,12.7855,77.7905
658,12.7855,77.7995
659,12.7855,77.8085
660,12.7855,77.8175
661,12.7855,77.8265
662,12.7855,77.8355
663,12.7855,77.8445
664,12.7855,77.8535
665,12.7855,77.8625
666,12.7855,77.8715
667,12.7855,77.8805
668,12.7855,77.8895
669,12.7855,77.8985
670,12.7945,77.3045
671,12.7945,77.3135
672,12.7945,77.3225
673,12.7945,77.3315
674,12.7945,77.3405
675,12.7945,77.3495
676,12.7945,77.3585
677,12.7945,77.3675
678,12.7945,77.3765
679,12.7945,77.3855
680,12.7945,77.3945
681,12.7945,77.4035
682,12.7945,77.4125
683,12.7945,77.4215
684,12.7945,77.4305
685,12.7945,77.4395
686,12.7945,77.4485
687,12.7945,77.4575
688,12.7945,77.4665
689,12.7945,77.4755
690,12.7945,77.4845
691,12.7945,77.4935
692,12.7945,77.5025
693,12.7945,77.5115
694,12.7945,77.5205
695,12.7945,77.5295
696,12.7945,77.5385
697,12.7945,77.5475
698,12.7945,77.5565
699,12.7945,77.5655
700,12.7945,77.5745
701,12.7945,77.5835
702,12.7945,77.5925
703,12.7945,77.6015
704,12.7945,77.6105
705,12.7945,77.6195
706,12.7945,77.6285
707,12.7945,77.6375
708,12.7945,77.6465
709,12.7945,77.6555
710,12.7945,77.6645
711,12.7945,77.6735
712,12.7945,77.6825
713,12.7945,77.6915
714,12.7945,77.7005
715,12.7945,77.7095
716,12.7945,77.7185
717,12.7945,77.7275
718,12.7945,77.7365
719,12.7945,77.7455
720,12.7945,77.7545
721,12.7945,77.7635
722,12.7945,77.7725
723,12.7945,77.7815
724,12.7945,77.7905
725,12.7945,77.7995
726,12.7945,77.8085
727,12.7945,77.8175
728,12.7945,77.8265
729,12.7945,77.8355
730,12.7945,77.8445
731,12.7945,77.8535
732,12.7945,77.8625
733,12.7945,77.8715
734,12.7945,77.8805
735,12.7945,77.8895
736,12.7945,77.8985
737,12.8035,77.3045
738,12.8035,77.3135
739,12.8035,77.3225
740,12.8035,77.3315
741,12.8035,77.3405
742,12.8035,77.3495
743,12.8035,77.3585
744,12.8035,77.3675
745,12.8035,77.3765
746,12.8035,77.3855
747,12.8035,77.3945
748,12.8035,77.4035
749,12.8035,77.4125
750,12.8035,77.4215
751,12.8035,77.4305
752,12.8035,77.4395
753,12.8035,77.4485
754,12.8035,77.4575
755,12.8035,77.4665
756,12.8035,77.4755
757,12.8035,77.4845
758,12.8035,77.4935
759,12.8035,77.5025
760,12.8035,77.5115
761,12.8035,77.5205
762,12.8035,77.5295
763,12.8035,77.5385
764,12.8035,77.5475
765,12.8035,77.5565
766,12.8035,77.5655
767,12.8035,77.5745
768,12.8035,77.5835
769,12.8035,77.5925
770,12.8035,77.6015
771,12.8035,77.6105
772,12.8035,77.6195
773,12.8035,77.6285
774,12.8035,77.6375
775,12.8035,77.6465
776,12.8035,77.6555
777,12.8035,77.6645
778,12.8035,77.6735
779,12.8035,77.6825
780,12.8035,77.6915
781,12.8035,77.7005
782,12.8035,77.7095
783,12.8035,77.7185
784,12.8035,77.7275
785,12.8035,77.7365
786,12.8035,77.7455
787,12.8035,77.7545
788,12.8035,77.7635
789,12.8035,77.7725
790,12.8035,77.7815
791,12.8035,77.7905
792,12.8035,77.7995
793,12.8035,77.8085
794,12.8035,77.8175
795,12.8035,77.8265
796,12.8035,77.8355
797,12.8035,77.8445
798,12.8035,77.8535
799,12.8035,77.8625
800,12.8035,77.8715
801,12.8035,77.8805
802,12.8035,77.8895
803,12.8035,77.8985
804,12.8125,77.3045
805,12.8125,77.3135
806,12.8125,77.3225
807,12.8125,77.3315
808,12.8125,77.3405
809,12.8125,77.3495
810,12.8125,77.3585
811,12.8125,77.3675
812,12.8125,77.3765
813,12.8125,77.3855
814,12.8125,77.3945
815,12.8125,77.4035
816,12.8125,77.4125
817,12.8125,77.4215
818,12.8125,77.4305
819,12.8125,77.4395
820,12.8125,77.4485
821,12.8125,77.4575
822,12.8125,77.4665
823,12.8125,77.4755
824,12.8125,77.4845
825,12.8125,77.4935
826,12.8125,77.5025
827,12.8125,77.5115
828,12.8125,77.5205
829,12.8125,77.5295
830,12.8125,77.5385
831,12.8125,77.5475
832,12.8125,77.5565
833,12.8125,77.5655
834,12.8125,77.5745
835,12.8125,77.5835
836,12.8125,77.5925
837,12.8125,77.6015
838,12.8125,77.6105
839,12.8125,77.6195
840,12.8125,77.6285
841,12.8125,77.6375
842,12.8125,77.6465
843,12.8125,77.6555
844,12.8125,77.6645
845,12.8125,77.6735
846,12.8125,77.6825
847,12.8125,77.6915
848,12.8125,77.7005
849,12.8125,77.7095
850,12.8125,77.7185
851,12.8125,77.7275
852,12.8125,77.7365
853,12.8125,77.7455
854,12.8125,77.7545
855,12.8125,77.7635
856,12.8125,77.7725
857,12.8125,77.7815
858,12.8125,77.7905
859,12.8125,77.7995
860,12.8125,77.8085
861,12.8125,77.8175
862,12.8125,77.8265
863,12.8125,77.8355
864,12.8125,77.8445
865,12.8125,77.8535
866,12.8125,77.8625
867,12.8125,77.8715
868,12.8125,77.8805
869,12.8125,77.8895
870,12.8125,77.8985
871,12.8215,77.3045
872,12.8215,77.3135
873,12.8215,77.3225
874,12.8215,77.3315
875,12.8215,77.3405
876,12.8215,77.3495
877,12.8215,77.3585
878,12.8215,77.3675
879,12.8215,77.3765
880,12.8215,77.3855
881,12.8215,77.3945
882,12.8215,77.4035
883,12.8215,77.4125
884,12.8215,77.4215
885,12.8215,77.4305
886,12.8215,77.4395
887,12.8215,77.4485
888,12.8215,77.4575
889,12.8215,77.4665
890,12.8215,77.4755
891,12.8215,77.4845
892,12.8215,77.4935
893,12.8215,77.5025
894,12.8215,77.5115
895,12.8215,77.5205
896,12.8215,77.5295
897,12.8215,77.5385
898,12.8215,77.5475
899,12.8215,77.5565
900,12.8215,77.5655
901,12.8215,77.5745
902,12.8215,77.5835
903,12.8215,77.5925
904,12.8215,77.6015
905,12.8215,77.6105
906,12.8215,77.6195
907,12.8215,77.6285
908,12.8215,77.6375
909,12.8215,77.6465
910,12.8215,77.6555
911,12.8215,77.6645
912,12.8215,77.6735
913,12.8215,77.6825
914,12.8215,77.6915
915,12.8215,77.7005
916,12.8215,77.7095
917,12.8215,77.7185
918,12.8215,77.7275
919,12.8215,77.7365
920,12.8215,77.7455
921,12.8215,77.7545
922,12.8215,77.7635
923,12.8215,77.7725
924,12.8215,77.7815
925,12.8215,77.7905
926,12.8215,77.7995
927,12.8215,77.8085
928,12.8215,77.8175
929,12.8215,77.8265
930,12.8215,77.8355
931,12.8215,77.8445
932,12.8215,77.8535
933,12.8215,77.8625
934,12.8215,77.8715
935,12.8215,77.8805
936,12.8215,77.8895
937,12.8215,77.8985
938,12.8305,77.3045
939,12.8305,77.3135
940,12.8305,77.3225
941,12.8305,77.3315
942,12.8305,77.3405
943,12.8305,77.3495
944,12.8305,77.3585
945,12.8305,77.3675
946,12.8305,77.3765
947,12.8305,77.3855
948,12.8305,77.3945
949,12.8305,77.4035
950,12.8305,77.4125
951,12.8305,77.4215
952,12.8305,77.4305
953,12.8305,77.4395
954,12.8305,77.4485
955,12.8305,77.4575
956,12.8305,77.4665
957,12.8305,77.4755
958,12.8305,77.4845
959,12.8305,77.4935
960,12.8305,77.5025
961,12.8305,77.5115
962,12.8305,77.5205
963,12.8305,77.5295
964,12.8305,77.5385
965,12.8305,77.5475
966,12.8305,77.5565
967,12.8305,77.5655
968,12.8305,77.5745
969,12.8305,77.5835
970,12.8305,77.5925
971,12.8305,77.6015
972,12.8305,77.6105
973,12.8305,77.6195
974,12.8305,77.6285
975,12.8305,77.6375
976,12.8305,77.6465
977,12.8305,77.6555
978,12.8305,77.6645
979,12.8305,77.6735
980,12.8305,77.6825
981,12.8305,77.6915
982,12.8305,77.7005
983,12.8305,77.7095
984,12.8305,77.7185
985,12.8305,77.7275
986,12.8305,77.7365
987,12.8305,77.7455
988,12.8305,77.7545
989,12.8305,77.7635
990,12.8305,77.7725
991,12.8305,77.7815
992,12.8305,77.7905
993,12.8305,77.7995
994,12.8305,77.8085
995,12.8305,77.8175
996,12.8305,77.8265
997,12.8305,77.8355
998,12.8305,77.8445
999,12.8305,77.8535
1000,12.8305,77.8625
1001,12.8305,77.8715
1002,12.8305,77.8805
1003,12.8305,77.8895
1004,12.8305,77.8985
1005,12.8395,77.3045
1006,12.8395,77.3135
1007,12.8395,77.3225
1008,12.8395,77.3315
1009,12.8395,77.3405
1010,12.8395,77.3495
1011,12.8395,77.3585
1012,12.8395,77.3675
1013,12.8395,77.3765
1014,12.8395,77.3855
1015,12.8395,77.3945
1016,12.8395,77.4035
1017,12.8395,77.4125
1018,12.8395,77.4215
1019,12.8395,77.4305
1020,12.8395,77.4395
1021,12.8395,77.4485
1022,12.8395,77.4575
1023,12.8395,77.4665
1024,12.8395,77.4755
1025,12.8395,77.4845
1026,12.8395,77.4935
1027,12.8395,77.5025
1028,12.8395,77.5115
1029,12.8395,77.5205
1030,12.8395,77.5295
1031,12.8395,77.5385
1032,12.8395,77.5475
1033,12.8395,77.5565
1034,12.8395,77.5655
1035,12.8395,77.5745
1036,12.8395,77.5835
1037,12.8395,77.5925
1038,12.8395,77.6015
1039,12.8395,77.6105
1040,12.8395,77.6195
1041,12.8395,77.6285
1042,12.8395,77.6375
1043,12.8395,77.6465
1044,12.8395,77.6555
1045,12.8395,77.6645
1046,12.8395,77.6735
1047,12.8395,77.6825
1048,12.8395,77.6915
1049,12.8395,77.7005
1050,12.8395,77.7095
1051,12.8395,77.7185
1052,12.8395,77.7275
1053,12.8395,77.7365
1054,12.8395,77.7455
1055,12.8395,77.7545
1056,12.8395,77.7635
1057,12.8395,77.7725
1058,12.8395,77.7815
1059,12.8395,77.7905
1060,12.8395,77.7995
1061,12.8395,77.8085
1062,12.8395,77.8175
1063,12.8395,77.8265
1064,12.8395,77.8355
1065,12.8395,77.8445
1066,12.8395,77.8535
1067,12.8395,77.8625
1068,12.8395,77.8715
1069,12.8395,77.8805
1070,12.8395,77.8895
1071,12.8395,77.8985
1072,12.8485,77.3045
1073,12.8485,77.3135
1074,12.8485,77.3225
1075,12.8485,77.3315
1076,12.8485,77.3405
1077,12.8485,77.3495
1078,12.8485,77.3585
1079,12.8485,77.3675
1080,12.8485,77.3765
1081,12.8485,77.3855
1082,12.8485,77.3945
1083,12.8485,77.4035
1084,12.8485,77.4125
1085,12.8485,77.4215
1086,12.8485,77.4305
1087,12.8485,77.4395
1088,12.8485,77.4485
1089,12.8485,77.4575
1090,12.8485,77.4665
1091,12.8485,77.4755
1092,12.8485,77.4845
1093,12.8485,77.4935
1094,12.8485,77.5025
1095,12.8485,77.5115
1096,12.8485,77.5205
1097,12.8485,77.5295
1098,12.8485,77.5385
1099,12.8485,77.5475
1100,12.8485,77.5565
1101,12.8485,77.5655
1102,12.8485,77.5745
1103,12.8485,77.5835
1104,12.8485,77.5925
1105,12.8485,77.6015
1106,12.8485,77.6105
1107,12.8485,77.6195
1108,12.8485,77.6285
1109,12.8485,77.6375
1110,12.8485,77.6465
1111,12.8485,77.6555
1112,12.8485,77.6645
1113,12.8485,77.6735
1114,12.8485,77.6825
1115,12.8485,77.6915
1116,12.8485,77.7005
1117,12.8485,77.7095
1118,12.8485,77.7185
1119,12.8485,77.7275
1120,12.8485,77.7365
1121,12.8485,77.7455
1122,12.8485,77.7545
1123,12.8485,77.7635
1124,12.8485,77.7725
1125,12.8485,77.7815
1126,12.8485,77.7905
1127,12.8485,77.7995
1128,12.8485,77.8085
1129,12.8485,77.8175
1130,12.8485,77.8265
1131,12.8485,77.8355
1132,12.8485,77.8445
1133,12.8485,77.8535
1134,12.8485,77.8625
1135,12.8485,77.8715
1136,12.8485,77.8805
1137,12.8485,77.8895
1138,12.8485,77.8985
1139,12.8575,77.3045
1140,12.8575,77.3135
1141,12.8575,77.3225
1142,12.8575,77.3315
1143,12.8575,77.3405
1144,12.8575,77.3495
1145,12.8575,77.3585
1146,12.8575,77.3675
1147,12.8575,77.3765
1148,12.8575,77.3855
1149,12.8575,77.3945
1150,12.8575,77.4035
1151,12.8575,77.4125
1152,12.8575,77.4215
1153,12.8575,77.4305
1154,12.8575,77.4395
1155,12.8575,77.4485
1156,12.8575,77.4575
1157,12.8575,77.4665
1158,12.8575,77.4755
1159,12.8575,77.4845
1160,12.8575,77.4935
1161,12.8575,77.5025
1162,12.8575,77.5115
1163,12.8575,77.5205
1164,12.8575,77.5295
1165,12.8575,77.5385
1166,12.8575,77.5475
1167,12.8575,77.5565
1168,12.8575,77.5655
1169,12.8575,77.5745
1170,12.8575,77.5835
1171,12.8575,77.5925
1172,12.8575,77.6015
1173,12.8575,77.6105
1174,12.8575,77.6195
1175,12.8575,77.6285
1176,12.8575,77.6375
1177,12.8575,77.6465
1178,12.8575,77.6555
1179,12.8575,77.6645
1180,12.8575,77.6735
1181,12.8575,77.6825
1182,12.8575,77.6915
1183,12.8575,77.7005
1184,12.8575,77.7095
1185,12.8575,77.7185
1186,12.8575,77.7275
1187,12.8575,77.7365
1188,12.8575,77.7455
1189,12.8575,77.7545
1190,12.8575,77.7635
1191,12.8575,77.7725
1192,12.8575,77.7815
1193,12.8575,77.7905
1194,12.8575,77.7995
1195,12.8575,77.8085
1196,12.8575,77.8175
1197,12.8575,77.8265
1198,12.8575,77.8355
1199,12.8575,77.8445
1200,12.8575,77.8535
1201,12.8575,77.8625
1202,12.8575,77.8715
1203,12.8575,77.8805
1204,12.8575,77.8895
1205,12.8575,77.8985
1206,12.8665,77.3045
1207,12.8665,77.3135
1208,12.8665,77.3225
1209,12.8665,77.3315
1210,12.8665,77.3405
1211,12.8665,77.3495
1212,12.8665,77.3585
1213,12.8665,77.3675
1214,12.8665,77.3765
1215,12.8665,77.3855
1216,12.8665,77.3945
1217,12.8665,77.4035
1218,12.8665,77.4125
1219,12.8665,77.4215
1220,12.8665,77.4305
1221,12.8665,77.4395
1222,12.8665,77.4485
1223,12.8665,77.4575
1224,12.8665,77.4665
1225,12.8665,77.4755
1226,12.8665,77.4845
1227,12.8665,77.4935
1228,12.8665,77.5025
1229,12.8665,77.5115
1230,12.8665,77.5205
1231,12.8665,77.5295
1232,12.8665,77.5385
1233,12.8665,77.5475
1234,12.8665,77.5565
1235,12.8665,77.5655
1236,12.8665,77.5745
1237,12.8665,77.5835
1238,12.8665,77.5925
1239,12.8665,77.6015
1240,12.8665,77.6105
1241,12.8665,77.6195
1242,12.8665,77.6285
1243,12.8665,77.6375
1244,12.8665,77.6465
1245,12.8665,77.6555
1246,12.8665,77.6645
1247,12.8665,77.6735
1248,12.8665,77.6825
1249,12.8665,77.6915
1250,12.8665,77.7005
1251,12.8665,77.7095
1252,12.8665,77.7185
1253,12.8665,77.7275
1254,12.8665,77.7365
1255,12.8665,77.7455
1256,12.8665,77.7545
1257,12.8665,77.7635
1258,12.8665,77.7725
1259,12.8665,77.7815
1260,12.8665,77.7905
1261,12.8665,77.7995
1262,12.8665,77.8085
1263,12.8665,77.8175
1264,12.8665,77.8265
1265,12.8665,77.8355
1266,12.8665,77.8445
1267,12.8665,77.8535
1268,12.8665,77.8625
1269,12.8665,77.8715
1270,12.8665,77.8805
1271,12.8665,77.8895
1272,12.8665,77.8985
1273,12.8755,77.3045
1274,12.8755,77.3135
1275,12.8755,77.3225
1276,12.8755,77.3315
1277,12.8755,77.3405
1278,12.8755,77.3495
1279,12.8755,77.3585
1280,12.8755,77.3675
1281,12.8755,77.3765
1282,12.8755,77.3855
1283,12.8755,77.3945
1284,12.8755,77.4035
1285,12.8755,77.4125
1286,12.8755,77.4215
1287,12.8755,77.4305
1288,12.8755,77.4395
1289,12.8755,77.4485
1290,12.8755,77.4575
1291,12.8755,77.4665
1292,12.8755,77.4755
1293,12.8755,77.4845
1294,12.8755,77.4935
1295,12.8755,77.5025
1296,12.8755,77.5115
1297,12.8755,77.5205
1298,12.8755,77.5295
1299,12.8755,77.5385
1300,12.8755,77.5475
1301,12.8755,77.5565
1302,12.8755,77.5655
1303,12.8755,77.5745
1304,12.8755,77.5835
1305,12.8755,77.5925
1306,12.8755,77.6015
1307,12.8755,77.6105
1308,12.8755,77.6195
1309,12.8755,77.6285
1310,12.8755,77.6375
1311,12.8755,77.6465
1312,12.8755,77.6555
1313,12.8755,77.6645
1314,12.8755,77.6735
1315,12.8755,77.6825
1316,12.8755,77.6915
1317,12.8755,77.7005
1318,12.8755,77.7095
1319,12.8755,77.7185
1320,12.8755,77.7275
1321,12.8755,77.7365
1322,12.8755,77.7455
1323,12.8755,77.7545
1324,12.8755,77.7635
1325,12.8755,77.7725
1326,12.8755,77.7815
1327,12.8755,77.7905
1328,12.8755,77.7995
1329,12.8755,77.8085
1330,12.8755,77.8175
1331,12.8755,77.8265
1332,12.8755,77.8355
1333,12.8755,77.8445
1334,12.8755,77.8535
1335,12.8755,77.8625
1336,12.8755,77.8715
1337,12.8755,77.8805
1338,12.8755,77.8895
1339,12.8755,77.8985
1340,12.8845,77.3045
1341,12.8845,77.3135
1342,12.8845,77.3225
1343,12.8845,77.3315
1344,12.8845,77.3405
1345,12.8845,77.3495
1346,12.8845,77.3585
1347,12.8845,77.3675
1348,12.8845,77.3765
1349,12.8845,77.3855
1350,12.8845,77.3945
1351,12.8845,77.4035
1352,12.8845,77.4125
1353,12.8845,77.4215
1354,12.8845,77.4305
1355,12.8845,77.4395
1356,12.8845,77.4485
1357,12.8845,77.4575
1358,12.8845,77.4665
1359,12.8845,77.4755
1360,12.8845,77.4845
1361,12.8845,77.4935
1362,12.8845,77.5025
1363,12.8845,77.5115
1364,12.8845,77.5205
1365,12.8845,77.5295
1366,12.8845,77.5385
1367,12.8845,77.5475
1368,12.8845,77.5565
1369,12.8845,77.5655
1370,12.8845,77.5745
1371,12.8845,77.5835
1372,12.8845,77.5925
1373,12.8845,77.6015
1374,12.8845,77.6105
1375,12.8845,77.6195
1376,12.8845,77.6285
1377,12.8845,77.6375
1378,12.8845,77.6465
1379,12.8845,77.6555
1380,12.8845,77.6645
1381,12.8845,77.6735
1382,12.8845,77.6825
1383,12.8845,77.6915
1384,12.8845,77.7005
1385,12.8845,77.7095
1386,12.8845,77.7185
1387,12.8845,77.7275
1388,12.8845,77.7365
1389,12.8845,77.7455
1390,12.8845,77.7545
1391,12.8845,77.7635
1392,12.8845,77.7725
1393,12.8845,77.7815
1394,12.8845,77.7905
1395,12.8845,77.7995
1396,12.8845,77.8085
1397,12.8845,77.8175
1398,12.8845,77.8265
1399,12.8845,77.8355
1400,12.8845,77.8445
1401,12.8845,77.8535
1402,12.8845,77.8625
1403,12.8845,77.8715
1404,12.8845,77.8805
1405,12.8845,77.8895
1406,12.8845,77.8985
1407,12.8935,77.3045
1408,12.8935,77.3135
1409,12.8935,77.3225
1410,12.8935,77.3315
1411,12.8935,77.3405
1412,12.8935,77.3495
1413,12.8935,77.3585
1414,12.8935,77.3675
1415,12.8935,77.3765
1416,12.8935,77.3855
1417,12.8935,77.3945
1418,12.8935,77.4035
1419,12.8935,77.4125
1420,12.8935,77.4215
1421,12.8935,77.4305
1422,12.8935,77.4395
1423,12.8935,77.4485
1424,12.8935,77.4575
1425,12.8935,77.4665
1426,12.8935,77.4755
1427,12.8935,77.4845
1428,12.8935,77.4935
1429,12.8935,77.5025
1430,12.8935,77.5115
1431,12.8935,77.5205
1432,12.8935,77.5295
1433,12.8935,77.5385
1434,12.8935,77.5475
1435,12.8935,77.5565
1436,12.8935,77.5655
1437,12.8935,77.5745
1438,12.8935,77.5835
1439,12.8935,77.5925
1440,12.8935,77.6015
1441,12.8935,77.6105
1442,12.8935,77.6195
1443,12.8935,77.6285
1444,12.8935,77.6375
1445,12.8935,77.6465
1446,12.8935,77.6555
1447,12.8935,77.6645
1448,12.8935,77.6735
1449,12.8935,77.6825
1450,12.8935,77.6915
1451,12.8935,77.7005
1452,12.8935,77.7095
1453,12.8935,77.7185
1454,12.8935,77.7275
1455,12.8935,77.7365
1456,12.8935,77.7455
1457,12.8935,77.7545
1458,12.8935,77.7635
1459,12.8935,77.7725
1460,12.8935,77.7815
1461,12.8935,77.7905
1462,12.8935,77.7995
1463,12.8935,77.8085
1464,12.8935,77.8175
1465,12.8935,77.8265
1466,12.8935,77.8355
1467,12.8935,77.8445
1468,12.8935,77.8535
1469,12.8935,77.8625
1470,12.8935,77.8715
1471,12.8935,77.8805
1472,12.8935,77.8895
1473,12.8935,77.8985
1474,12.9025,77.3045
1475,12.9025,77.3135
1476,12.9025,77.3225
1477,12.9025,77.3315
1478,12.9025,77.3405
1479,12.9025,77.3495
1480,12.9025,77.3585
1481,12.9025,77.3675
1482,12.9025,77.3765
1483,12.9025,77.3855
1484,12.9025,77.3945
1485,12.9025,77.4035
1486,12.9025,77.4125
1487,12.9025,77.4215
1488,12.9025,77.4305
1489,12.9025,77.4395
1490,12.9025,77.4485
1491,12.9025,77.4575
1492,12.9025,77.4665
1493,12.9025,77.4755
1494,12.9025,77.4845
1495,12.9025,77.4935
1496,12.9025,77.5025
1497,12.9025,77.5115
1498,12.9025,77.5205
1499,12.9025,77.5295
1500,12.9025,77.5385
1501,12.9025,77.5475
1502,12.9025,77.5565
1503,12.9025,77.5655
1504,12.9025,77.5745
1505,12.9025,77.5835
1506,12.9025,77.5925
1507,12.9025,77.6015
1508,12.9025,77.6105
1509,12.9025,77.6195
1510,12.9025,77.6285
1511,12.9025,77.6375
1512,12.9025,77.6465
1513,12.9025,77.6555
1514,12.9025,77.6645
1515,12.9025,77.6735
1516,12.9025,77.6825
1517,12.9025,77.6915
1518,12.9025,77.7005
1519,12.9025,77.7095
1520,12.9025,77.7185
1521,12.9025,77.7275
1522,12.9025,77.7365
1523,12.9025,77.7455
1524,12.9025,77.7545
1525,12.9025,77.7635
1526,12.9025,77.7725
1527,12.9025,77.7815
1528,12.9025,77.7905
1529,12.9025,77.7995
1530,12.9025,77.8085
1531,12.9025,77.8175
1532,12.9025,77.8265
1533,12.9025,77.8355
1534,12.9025,77.8445
1535,12.9025,77.8535
1536,12.9025,77.8625
1537,12.9025,77.8715
1538,12.9025,77.8805
1539,12.9025,77.8895
1540,12.9025,77.8985
1541,12.9115,77.3045
1542,12.9115,77.3135
1543,12.9115,77.3225
1544,12.9115,77.3315
1545,12.9115,77.3405
1546,12.9115,77.3495
1547,12.9115,77.3585
1548,12.9115,77.3675
1549,12.9115,77.3765
1550,12.9115,77.3855
1551,12.9115,77.3945
1552,12.9115,77.4035
1553,12.9115,77.4125
1554,12.9115,77.4215
1555,12.9115,77.4305
1556,12.9115,77.4395
1557,12.9115,77.4485
1558,12.9115,77.4575
1559,12.9115,77.4665
1560,12.9115,77.4755
1561,12.9115,77.4845
1562,12.9115,77.4935
1563,12.9115,77.5025
1564,12.9115,77.5115
1565,12.9115,77.5205
1566,12.9115,77.5295
1567,12.9115,77.5385
1568,12.9115,77.5475
1569,12.9115,77.5565
1570,12.9115,77.5655
1571,12.9115,77.5745
1572,12.9115,77.5835
1573,12.9115,77.5925
1574,12.9115,77.6015
1575,12.9115,77.6105
1576,12.9115,77.6195
1577,12.9115,77.6285
1578,12.9115,77.6375
1579,12.9115,77.6465
1580,12.9115,77.6555
1581,12.9115,77.6645
1582,12.9115,77.6735
1583,12.9115,77.6825
1584,12.9115,77.6915
1585,12.9115,77.7005
1586,12.9115,77.7095
1587,12.9115,77.7185
1588,12.9115,77.7275
1589,12.9115,77.7365
1590,12.9115,77.7455
1591,12.9115,77.7545
1592,12.9115,77.7635
1593,12.9115,77.7725
1594,12.9115,77.7815
1595,12.9115,77.7905
1596,12.9115,77.7995
1597,12.9115,77.8085
1598,12.9115,77.8175
1599,12.9115,77.8265
1600,12.9115,77.8355
1601,12.9115,77.8445
1602,12.9115,77.8535
1603,12.9115,77.8625
1604,12.9115,77.8715
1605,12.9115,77.8805
1606,12.9115,77.8895
1607,12.9115,77.8985
1608,12.9205,77.3045
1609,12.9205,77.3135
1610,12.9205,77.3225
1611,12.9205,77.3315
1612,12.9205,77.3405
1613,12.9205,77.3495
1614,12.9205,77.3585
1615,12.9205,77.3675
1616,12.9205,77.3765
1617,12.9205,77.3855
1618,12.9205,77.3945
1619,12.9205,77.4035
1620,12.9205,77.4125
1621,12.9205,77.4215
1622,12.9205,77.4305
1623,12.9205,77.4395
1624,12.9205,77.4485
1625,12.9205,77.4575
1626,12.9205,77.4665
1627,12.9205,77.4755
1628,12.9205,77.4845
1629,12.9205,77.4935
1630,12.9205,77.5025
1631,12.9205,77.5115
1632,12.9205,77.5205
1633,12.9205,77.5295
1634,12.9205,77.5385
1635,12.9205,77.5475
1636,12.9205,77.5565
1637,12.9205,77.5655
1638,12.9205,77.5745
1639,12.9205,77.5835
1640,12.9205,77.5925
1641,12.9205,77.6015
1642,12.9205,77.6105
1643,12.9205,77.6195
1644,12.9205,77.6285
1645,12.9205,77.6375
1646,12.9205,77.6465
1647,12.9205,77.6555
1648,12.9205,77.6645
1649,12.9205,77.6735
1650,12.9205,77.6825
1651,12.9205,77.6915
1652,12.9205,77.7005
1653,12.9205,77.7095
1654,12.9205,77.7185
1655,12.9205,77.7275
1656,12.9205,77.7365
1657,12.9205,77.7455
1658,12.9205,77.7545
1659,12.9205,77.7635
1660,12.9205,77.7725
1661,12.9205,77.7815
1662,12.9205,77.7905
1663,12.9205,77.7995
1664,12.9205,77.8085
1665,12.9205,77.8175
1666,12.9205,77.8265
1667,12.9205,77.8355
1668,12.9205,77.8445
1669,12.9205,77.8535
1670,12.9205,77.8625
1671,12.9205,77.8715
1672,12.9205,77.8805
1673,12.9205,77.8895
1674,12.9205,77.8985
1675,12.9295,77.3045
1676,12.9295,77.3135
1677,12.9295,77.3225
1678,12.9295,77.3315
1679,12.9295,77.3405
1680,12.9295,77.3495
1681,12.9295,77.3585
1682,12.9295,77.3675
1683,12.9295,77.3765
1684,12.9295,77.3855
1685,12.9295,77.3945
1686,12.9295,77.4035
1687,12.9295,77.4125
1688,12.9295,77.4215
1689,12.9295,77.4305
1690,12.9295,77.4395
1691,12.9295,77.4485
1692,12.9295,77.4575
1693,12.9295,77.4665
1694,12.9295,77.4755
1695,12.9295,77.4845
1696,12.9295,77.4935
1697,12.9295,77.5025
1698,12.9295,77.5115
1699,12.9295,77.5205
1700,12.9295,77.5295
1701,12.9295,77.5385
1702,12.9295,77.5475
1703,12.9295,77.5565
1704,12.9295,77.5655
1705,12.9295,77.5745
1706,12.9295,77.5835
1707,12.9295,77.5925
1708,12.9295,77.6015
1709,12.9295,77.6105
1710,12.9295,77.6195
1711,12.9295,77.6285
1712,12.9295,77.6375
1713,12.9295,77.6465
1714,12.9295,77.6555
1715,12.9295,77.6645
1716,12.9295,77.6735
1717,12.9295,77.6825
1718,12.9295,77.6915
1719,12.9295,77.7005
1720,12.9295,77.7095
1721,12.9295,77.7185
1722,12.9295,77.7275
1723,12.9295,77.7365
1724,12.9295,77.7455
1725,12.9295,77.7545
1726,12.9295,77.7635
1727,12.9295,77.7725
1728,12.9295,77.7815
1729,12.9295,77.7905
1730,12.9295,77.7995
1731,12.9295,77.8085
1732,12.9295,77.8175
1733,12.9295,77.8265
1734,12.9295,77.8355
1735,12.9295,77.8445
1736,12.9295,77.8535
1737,12.9295,77.8625
1738,12.9295,77.8715
1739,12.9295,77.8805
1740,12.9295,77.8895
1741,12.9295,77.8985
1742,12.9385,77.3045
1743,12.9385,77.3135
1744,12.9385,77.3225
1745,12.9385,77.3315
1746,12.9385,77.3405
1747,12.9385,77.3495
1748,12.9385,77.3585
1749,12.9385,77.3675
1750,12.9385,77.3765
1751,12.9385,77.3855
1752,12.9385,77.3945
1753,12.9385,77.4035
1754,12.9385,77.4125
1755,12.9385,77.4215
1756,12.9385,77.4305
1757,12.9385,77.4395
1758,12.9385,77.4485
1759,12.9385,77.4575
1760,12.9385,77.4665
1761,12.9385,77.4755
1762,12.9385,77.4845
1763,12.9385,77.4935
1764,12.9385,77.5025
1765,12.9385,77.5115
1766,12.9385,77.5205
1767,12.9385,77.5295
1768,12.9385,77.5385
1769,12.9385,77.5475
1770,12.9385,77.5565
1771,12.9385,77.5655
1772,12.9385,77.5745
1773,12.9385,77.5835
1774,12.9385,77.5925
1775,12.9385,77.6015
1776,12.9385,77.6105
1777,12.9385,77.6195
1778,12.9385,77.6285
1779,12.9385,77.6375
1780,12.9385,77.6465
1781,12.9385,77.6555
1782,12.9385,77.6645
1783,12.9385,77.6735
1784,12.9385,77.6825
1785,12.9385,77.6915
1786,12.9385,77.7005
1787,12.9385,77.7095
1788,12.9385,77.7185
1789,12.9385,77.7275
1790,12.9385,77.7365
1791,12.9385,77.7455
1792,12.9385,77.7545
1793,12.9385,77.7635
1794,12.9385,77.7725
1795,12.9385,77.7815
1796,12.9385,77.7905
1797,12.9385,77.7995
1798,12.9385,77.8085
1799,12.9385,77.8175
1800,12.9385,77.8265
1801,12.9385,77.8355
1802,12.9385,77.8445
1803,12.9385,77.8535
1804,12.9385,77.8625
1805,12.9385,77.8715
1806,12.9385,77.8805
1807,12.9385,77.8895
1808,12.9385,77.8985
1809,12.9475,77.3045
1810,12.9475,77.3135
1811,12.9475,77.3225
1812,12.9475,77.3315
1813,12.9475,77.3405
1814,12.9475,77.3495
1815,12.9475,77.3585
1816,12.9475,77.3675
1817,12.9475,77.3765
1818,12.9475,77.3855
1819,12.9475,77.3945
1820,12.9475,77.4035
1821,12.9475,77.4125
1822,12.9475,77.4215
1823,12.9475,77.4305
1824,12.9475,77.4395
1825,12.9475,77.4485
1826,12.9475,77.4575
1827,12.9475,77.4665
1828,12.9475,77.4755
1829,12.9475,77.4845
1830,12.9475,77.4935
1831,12.9475,77.5025
1832,12.9475,77.5115
1833,12.9475,77.5205
1834,12.9475,77.5295
1835,12.9475,77.5385
1836,12.9475,77.5475
1837,12.9475,77.5565
1838,12.9475,77.5655
1839,12.9475,77.5745
1840,12.9475,77.5835
1841,12.9475,77.5925
1842,12.9475,77.6015
1843,12.9475,77.6105
1844,12.9475,77.6195
1845,12.9475,77.6285
1846,12.9475,77.6375
1847,12.9475,77.6465
1848,12.9475,77.6555
1849,12.9475,77.6645
1850,12.9475,77.6735
1851,12.9475,77.6825
1852,12.9475,77.6915
1853,12.9475,77.7005
1854,12.9475,77.7095
1855,12.9475,77.7185
1856,12.9475,77.7275
1857,12.9475,77.7365
1858,12.9475,77.7455
1859,12.9475,77.7545
1860,12.9475,77.7635
1861,12.9475,77.7725
1862,12.9475,77.7815
1863,12.9475,77.7905
1864,12.9475,77.7995
1865,12.9475,77.8085
1866,12.9475,77.8175
1867,12.9475,77.8265
1868,12.9475,77.8355
1869,12.9475,77.8445
1870,12.9475,77.8535
1871,12.9475,77.8625
1872,12.9475,77.8715
1873,12.9475,77.8805
1874,12.9475,77.8895
1875,12.9475,77.8985
1876,12.9565,77.3045
1877,12.9565,77.3135
1878,12.9565,77.3225
1879,12.9565,77.3315
1880,12.9565,77.3405
1881,12.9565,77.3495
1882,12.9565,77.3585
1883,12.9565,77.3675
1884,12.9565,77.3765
1885,12.9565,77.3855
1886,12.9565,77.3945
1887,12.9565,77.4035
1888,12.9565,77.4125
1889,12.9565,77.4215
1890,12.9565,77.4305
1891,12.9565,77.4395
1892,12.9565,77.4485
1893,12.9565,77.4575
1894,12.9565,77.4665
1895,12.9565,77.4755
1896,12.9565,77.4845
1897,12.9565,77.4935
1898,12.9565,77.5025
1899,12.9565,77.5115
1900,12.9565,77.5205
1901,12.9565,77.5295
1902,12.9565,77.5385
1903,12.9565,77.5475
1904,12.9565,77.5565
1905,12.9565,77.5655
1906,12.9565,77.5745
1907,12.9565,77.5835
1908,12.9565,77.5925
1909,12.9565,77.6015
1910,12.9565,77.6105
1911,12.9565,77.6195
1912,12.9565,77.6285
1913,12.9565,77.6375
1914,12.9565,77.6465
1915,12.9565,77.6555
1916,12.9565,77.6645
1917,12.9565,77.6735
1918,12.9565,77.6825
1919,12.9565,77.6915
1920,12.9565,77.7005
1921,12.9565,77.7095
1922,12.9565,77.7185
1923,12.9565,77.7275
1924,12.9565,77.7365
1925,12.9565,77.7455
1926,12.9565,77.7545
1927,12.9565,77.7635
1928,12.9565,77.7725
1929,12.9565,77.7815
1930,12.9565,77.7905
1931,12.9565,77.7995
1932,12.9565,77.8085
1933,12.9565,77.8175
1934,12.9565,77.8265
1935,12.9565,77.8355
1936,12.9565,77.8445
1937,12.9565,77.8535
1938,12.9565,77.8625
1939,12.9565,77.8715
1940,12.9565,77.8805
1941,12.9565,77.8895
1942,12.9565,77.8985
1943,12.9655,77.3045
1944,12.9655,77.3135
1945,12.9655,77.3225
1946,12.9655,77.3315
1947,12.9655,77.3405
1948,12.9655,77.3495
1949,12.9655,77.3585
1950,12.9655,77.3675
1951,12.9655,77.3765
1952,12.9655,77.3855
1953,12.9655,77.3945
1954,12.9655,77.4035
1955,12.9655,77.4125
1956,12.9655,77.4215
1957,12.9655,77.4305
1958,12.9655,77.4395
1959,12.9655,77.4485
1960,12.9655,77.4575
1961,12.9655,77.4665
1962,12.9655,77.4755
1963,12.9655,77.4845
1964,12.9655,77.4935
1965,12.9655,77.5025
1966,12.9655,77.5115
1967,12.9655,77.5205
1968,12.9655,77.5295
1969,12.9655,77.5385
1970,12.9655,77.5475
1971,12.9655,77.5565
1972,12.9655,77.5655
1973,12.9655,77.5745
1974,12.9655,77.5835
1975,12.9655,77.5925
1976,12.9655,77.6015
1977,12.9655,77.6105
1978,12.9655,77.6195
1979,12.9655,77.6285
1980,12.9655,77.6375
1981,12.9655,77.6465
1982,12.9655,77.6555
1983,12.9655,77.6645
1984,12.9655,77.6735
1985,12.9655,77.6825
1986,12.9655,77.6915
1987,12.9655,77.7005
1988,12.9655,77.7095
1989,12.9655,77.7185
1990,12.9655,77.7275
1991,12.9655,77.7365
1992,12.9655,77.7455
1993,12.9655,77.7545
1994,12.9655,77.7635
1995,12.9655,77.7725
1996,12.9655,77.7815
1997,12.9655,77.7905
1998,12.9655,77.7995
1999,12.9655,77.8085
2000,12.9655,77.8175
2001,12.9655,77.8265
2002,12.9655,77.8355
2003,12.9655,77.8445
2004,12.9655,77.8535
2005,12.9655,77.8625
2006,12.9655,77.8715
2007,12.9655,77.8805
2008,12.9655,77.8895
2009,12.9655,77.8985
2010,12.9745,77.3045
2011,12.9745,77.3135
2012,12.9745,77.3225
2013,12.9745,77.3315
2014,12.9745,77.3405
2015,12.9745,77.3495
2016,12.9745,77.3585
2017,12.9745,77.3675
2018,12.9745,77.3765
2019,12.9745,77.3855
2020,12.9745,77.3945
2021,12.9745,77.4035
2022,12.9745,77.4125
2023,12.9745,77.4215
2024,12.9745,77.4305
2025,12.9745,77.4395
2026,12.9745,77.4485
2027,12.9745,77.4575
2028,12.9745,77.4665
2029,12.9745,77.4755
2030,12.9745,77.4845
2031,12.9745,77.4935
2032,12.9745,77.5025
2033,12.9745,77.5115
2034,12.9745,77.5205
2035,12.9745,77.5295
2036,12.9745,77.5385
2037,12.9745,77.5475
2038,12.9745,77.5565
2039,12.9745,77.5655
2040,12.9745,77.5745
2041,12.9745,77.5835
2042,12.9745,77.5925
2043,12.9745,77.6015
2044,12.9745,77.6105
2045,12.9745,77.6195
2046,12.9745,77.6285
2047,12.9745,77.6375
2048,12.9745,77.6465
2049,12.9745,77.6555
2050,12.9745,77.6645
2051,12.9745,77.6735
2052,12.9745,77.6825
2053,12.9745,77.6915
2054,12.9745,77.7005
2055,12.9745,77.7095
2056,12.9745,77.7185
2057,12.9745,77.7275
2058,12.9745,77.7365
2059,12.9745,77.7455
2060,12.9745,77.7545
2061,12.9745,77.7635
2062,12.9745,77.7725
2063,12.9745,77.7815
2064,12.9745,77.7905
2065,12.9745,77.7995
2066,12.9745,77.8085
2067,12.9745,77.8175
2068,12.9745,77.8265
2069,12.9745,77.8355
2070,12.9745,77.8445
2071,12.9745,77.8535
2072,12.9745,77.8625
2073,12.9745,77.8715
2074,12.9745,77.8805
2075,12.9745,77.8895
2076,12.9745,77.8985
2077,12.9835,77.3045
2078,12.9835,77.3135
2079,12.9835,77.3225
2080,12.9835,77.3315
2081,12.9835,77.3405
2082,12.9835,77.3495
2083,12.9835,77.3585
2084,12.9835,77.3675
2085,12.9835,77.3765
2086,12.9835,77.3855
2087,12.9835,77.3945
2088,12.9835,77.4035
2089,12.9835,77.4125
2090,12.9835,77.4215
2091,12.9835,77.4305
2092,12.9835,77.4395
2093,12.9835,77.4485
2094,12.9835,77.4575
2095,12.9835,77.4665
2096,12.9835,77.4755
2097,12.9835,77.4845
2098,12.9835,77.4935
2099,12.9835,77.5025
2100,12.9835,77.5115
2101,12.9835,77.5205
2102,12.9835,77.5295
2103,12.9835,77.5385
2104,12.9835,77.5475
2105,12.9835,77.5565
2106,12.9835,77.5655
2107,12.9835,77.5745
2108,12.9835,77.5835
2109,12.9835,77.5925
2110,12.9835,77.6015
2111,12.9835,77.6105
2112,12.9835,77.6195
2113,12.9835,77.6285
2114,12.9835,77.6375
2115,12.9835,77.6465
2116,12.9835,77.6555
2117,12.9835,77.6645
2118,12.9835,77.6735
2119,12.9835,77.6825
2120,12.9835,77.6915
2121,12.9835,77.7005
2122,12.9835,77.7095
2123,12.9835,77.7185
2124,12.9835,77.7275
2125,12.9835,77.7365
2126,12.9835,77.7455
2127,12.9835,77.7545
2128,12.9835,77.7635
2129,12.9835,77.7725
2130,12.9835,77.7815
2131,12.9835,77.7905
2132,12.9835,77.7995
2133,12.9835,77.8085
2134,12.9835,77.8175
2135,12.9835,77.8265
2136,12.9835,77.8355
2137,12.9835,77.8445
2138,12.9835,77.8535
2139,12.9835,77.8625
2140,12.9835,77.8715
2141,12.9835,77.8805
2142,12.9835,77.8895
2143,12.9835,77.8985
2144,12.9925,77.3045
2145,12.9925,77.3135
2146,12.9925,77.3225
2147,12.9925,77.3315
2148,12.9925,77.3405
2149,12.9925,77.3495
2150,12.9925,77.3585
2151,12.9925,77.3675
2152,12.9925,77.3765
2153,12.9925,77.3855
2154,12.9925,77.3945
2155,12.9925,77.4035
2156,12.9925,77.4125
2157,12.9925,77.4215
2158,12.9925,77.4305
2159,12.9925,77.4395
2160,12.9925,77.4485
2161,12.9925,77.4575
2162,12.9925,77.4665
2163,12.9925,77.4755
2164,12.9925,77.4845
2165,12.9925,77.4935
2166,12.9925,77.5025
2167,12.9925,77.5115
2168,12.9925,77.5205
2169,12.9925,77.5295
2170,12.9925,77.5385
2171,12.9925,77.5475
2172,12.9925,77.5565
2173,12.9925,77.5655
2174,12.9925,77.5745
2175,12.9925,77.5835
2176,12.9925,77.5925
2177,12.9925,77.6015
2178,12.9925,77.6105
2179,12.9925,77.6195
2180,12.9925,77.6285
2181,12.9925,77.6375
2182,12.9925,77.6465
2183,12.9925,77.6555
2184,12.9925,77.6645
2185,12.9925,77.6735
2186,12.9925,77.6825
2187,12.9925,77.6915
2188,12.9925,77.7005
2189,12.9925,77.7095
2190,12.9925,77.7185
2191,12.9925,77.7275
2192,12.9925,77.7365
2193,12.9925,77.7455
2194,12.9925,77.7545
2195,12.9925,77.7635
2196,12.9925,77.7725
2197,12.9925,77.7815
2198,12.9925,77.7905
2199,12.9925,77.7995
2200,12.9925,77.8085
2201,12.9925,77.8175
2202,12.9925,77.8265
2203,12.9925,77.8355
2204,12.9925,77.8445
2205,12.9925,77.8535
2206,12.9925,77.8625
2207,12.9925,77.8715
2208,12.9925,77.8805
2209,12.9925,77.8895
2210,12.9925,77.8985
2211,13.0015,77.3045
2212,13.0015,77.3135
2213,13.0015,77.3225
2214,13.0015,77.3315
2215,13.0015,77.3405
2216,13.0015,77.3495
2217,13.0015,77.3585
2218,13.0015,77.3675
2219,13.0015,77.3765
2220,13.0015,77.3855
2221,13.0015,77.3945
2222,13.0015,77.4035
2223,13.0015,77.4125
2224,13.0015,77.4215
2225,13.0015,77.4305
2226,13.0015,77.4395
2227,13.0015,77.4485
2228,13.0015,77.4575
2229,13.0015,77.4665
2230,13.0015,77.4755
2231,13.0015,77.4845
2232,13.0015,77.4935
2233,13.0015,77.5025
2234,13.0015,77.5115
2235,13.0015,77.5205
2236,13.0015,77.5295
2237,13.0015,77.5385
2238,13.0015,77.5475
2239,13.0015,77.5565
2240,13.0015,77.5655
2241,13.0015,77.5745
2242,13.0015,77.5835
2243,13.0015,77.5925
2244,13.0015,77.6015
2245,13.0015,77.6105
2246,13.0015,77.6195
2247,13.0015,77.6285
2248,13.0015,77.6375
2249,13.0015,77.6465
2250,13.0015,77.6555
2251,13.0015,77.6645
2252,13.0015,77.6735
2253,13.0015,77.6825
2254,13.0015,77.6915
2255,13.0015,77.7005
2256,13.0015,77.7095
2257,13.0015,77.7185
2258,13.0015,77.7275
2259,13.0015,77.7365
2260,13.0015,77.7455
2261,13.0015,77.7545
2262,13.0015,77.7635
2263,13.0015,77.7725
2264,13.0015,77.7815
2265,13.0015,77.7905
2266,13.0015,77.7995
2267,13.0015,77.8085
2268,13.0015,77.8175
2269,13.0015,77.8265
2270,13.0015,77.8355
2271,13.0015,77.8445
2272,13.0015,77.8535
2273,13.0015,77.8625
2274,13.0015,77.8715
2275,13.0015,77.8805
2276,13.0015,77.8895
2277,13.0015,77.8985
2278,13.0105,77.3045
2279,13.0105,77.3135
2280,13.0105,77.3225
2281,13.0105,77.3315
2282,13.0105,77.3405
2283,13.0105,77.3495
2284,13.0105,77.3585
2285,13.0105,77.3675
2286,13.0105,77.3765
2287,13.0105,77.3855
2288,13.0105,77.3945
2289,13.0105,77.4035
2290,13.0105,77.4125
2291,13.0105,77.4215
2292,13.0105,77.4305
2293,13.0105,77.4395
2294,13.0105,77.4485
2295,13.0105,77.4575
2296,13.0105,77.4665
2297,13.0105,77.4755
2298,13.0105,77.4845
2299,13.0105,77.4935
2300,13.0105,77.5025
2301,13.0105,77.5115
2302,13.0105,77.5205
2303,13.0105,77.5295
2304,13.0105,77.5385
2305,13.0105,77.5475
2306,13.0105,77.5565
2307,13.0105,77.5655
2308,13.0105,77.5745
2309,13.0105,77.5835
2310,13.0105,77.5925
2311,13.0105,77.6015
2312,13.0105,77.6105
2313,13.0105,77.6195
2314,13.0105,77.6285
2315,13.0105,77.6375
2316,13.0105,77.6465
2317,13.0105,77.6555
2318,13.0105,77.6645
2319,13.0105,77.6735
2320,13.0105,77.6825
2321,13.0105,77.6915
2322,13.0105,77.7005
2323,13.0105,77.7095
2324,13.0105,77.7185
2325,13.0105,77.7275
2326,13.0105,77.7365
2327,13.0105,77.7455
2328,13.0105,77.7545
2329,13.0105,77.7635
2330,13.0105,77.7725
2331,13.0105,77.7815
2332,13.0105,77.7905
2333,13.0105,77.7995
2334,13.0105,77.8085
2335,13.0105,77.8175
2336,13.0105,77.8265
2337,13.0105,77.8355
2338,13.0105,77.8445
2339,13.0105,77.8535
2340,13.0105,77.8625
2341,13.0105,77.8715
2342,13.0105,77.8805
2343,13.0105,77.8895
2344,13.0105,77.8985
2345,13.0195,77.3045
2346,13.0195,77.3135
2347,13.0195,77.3225
2348,13.0195,77.3315
2349,13.0195,77.3405
2350,13.0195,77.3495
2351,13.0195,77.3585
2352,13.0195,77.3675
2353,13.0195,77.3765
2354,13.0195,77.3855
2355,13.0195,77.3945
2356,13.0195,77.4035
2357,13.0195,77.4125
2358,13.0195,77.4215
2359,13.0195,77.4305
2360,13.0195,77.4395
2361,13.0195,77.4485
2362,13.0195,77.4575
2363,13.0195,77.4665
2364,13.0195,77.4755
2365,13.0195,77.4845
2366,13.0195,77.4935
2367,13.0195,77.5025
2368,13.0195,77.5115
2369,13.0195,77.5205
2370,13.0195,77.5295
2371,13.0195,77.5385
2372,13.0195,77.5475
2373,13.0195,77.5565
2374,13.0195,77.5655
2375,13.0195,77.5745
2376,13.0195,77.5835
2377,13.0195,77.5925
2378,13.0195,77.6015
2379,13.0195,77.6105
2380,13.0195,77.6195
2381,13.0195,77.6285
2382,13.0195,77.6375
2383,13.0195,77.6465
2384,13.0195,77.6555
2385,13.0195,77.6645
2386,13.0195,77.6735
2387,13.0195,77.6825
2388,13.0195,77.6915
2389,13.0195,77.7005
2390,13.0195,77.7095
2391,13.0195,77.7185
2392,13.0195,77.7275
2393,13.0195,77.7365
2394,13.0195,77.7455
2395,13.0195,77.7545
2396,13.0195,77.7635
2397,13.0195,77.7725
2398,13.0195,77.7815
2399,13.0195,77.7905
2400,13.0195,77.7995
2401,13.0195,77.8085
2402,13.0195,77.8175
2403,13.0195,77.8265
2404,13.0195,77.8355
2405,13.0195,77.8445
2406,13.0195,77.8535
2407,13.0195,77.8625
2408,13.0195,77.8715
2409,13.0195,77.8805
2410,13.0195,77.8895
2411,13.0195,77.8985
2412,13.0285,77.3045
2413,13.0285,77.3135
2414,13.0285,77.3225
2415,13.0285,77.3315
2416,13.0285,77.3405
2417,13.0285,77.3495
2418,13.0285,77.3585
2419,13.0285,77.3675
2420,13.0285,77.3765
2421,13.0285,77.3855
2422,13.0285,77.3945
2423,13.0285,77.4035
2424,13.0285,77.4125
2425,13.0285,77.4215
2426,13.0285,77.4305
2427,13.0285,77.4395
2428,13.0285,77.4485
2429,13.0285,77.4575
2430,13.0285,77.4665
2431,13.0285,77.4755
2432,13.0285,77.4845
2433,13.0285,77.4935
2434,13.0285,77.5025
2435,13.0285,77.5115
2436,13.0285,77.5205
2437,13.0285,77.5295
2438,13.0285,77.5385
2439,13.0285,77.5475
2440,13.0285,77.5565
2441,13.0285,77.5655
2442,13.0285,77.5745
2443,13.0285,77.5835
2444,13.0285,77.5925
2445,13.0285,77.6015
2446,13.0285,77.6105
2447,13.0285,77.6195
2448,13.0285,77.6285
2449,13.0285,77.6375
2450,13.0285,77.6465
2451,13.0285,77.6555
2452,13.0285,77.6645
2453,13.0285,77.6735
2454,13.0285,77.6825
2455,13.0285,77.6915
2456,13.0285,77.7005
2457,13.0285,77.7095
2458,13.0285,77.7185
2459,13.0285,77.7275
2460,13.0285,77.7365
2461,13.0285,77.7455
2462,13.0285,77.7545
2463,13.0285,77.7635
2464,13.0285,77.7725
2465,13.0285,77.7815
2466,13.0285,77.7905
2467,13.0285,77.7995
2468,13.0285,77.8085
2469,13.0285,77.8175
2470,13.0285,77.8265
2471,13.0285,77.8355
2472,13.0285,77.8445
2473,13.0285,77.8535
2474,13.0285,77.8625
2475,13.0285,77.8715
2476,13.0285,77.8805
2477,13.0285,77.8895
2478,13.0285,77.8985
2479,13.0375,77.3045
2480,13.0375,77.3135
2481,13.0375,77.3225
2482,13.0375,77.3315
2483,13.0375,77.3405
2484,13.0375,77.3495
2485,13.0375,77.3585
2486,13.0375,77.3675
2487,13.0375,77.3765
2488,13.0375,77.3855
2489,13.0375,77.3945
2490,13.0375,77.4035
2491,13.0375,77.4125
2492,13.0375,77.4215
2493,13.0375,77.4305
2494,13.0375,77.4395
2495,13.0375,77.4485
2496,13.0375,77.4575
2497,13.0375,77.4665
2498,13.0375,77.4755
2499,13.0375,77.4845
2500,13.0375,77.4935
2501,13.0375,77.5025
2502,13.0375,77.5115
2503,13.0375,77.5205
2504,13.0375,77.5295
2505,13.0375,77.5385
2506,13.0375,77.5475
2507,13.0375,77.5565
2508,13.0375,77.5655
2509,13.0375,77.5745
2510,13.0375,77.5835
2511,13.0375,77.5925
2512,13.0375,77.6015
2513,13.0375,77.6105
2514,13.0375,77.6195
2515,13.0375,77.6285
2516,13.0375,77.6375
2517,13.0375,77.6465
2518,13.0375,77.6555
2519,13.0375,77.6645
2520,13.0375,77.6735
2521,13.0375,77.6825
2522,13.0375,77.6915
2523,13.0375,77.7005
2524,13.0375,77.7095
2525,13.0375,77.7185
2526,13.0375,77.7275
2527,13.0375,77.7365
2528,13.0375,77.7455
2529,13.0375,77.7545
2530,13.0375,77.7635
2531,13.0375,77.7725
2532,13.0375,77.7815
2533,13.0375,77.7905
2534,13.0375,77.7995
2535,13.0375,77.8085
2536,13.0375,77.8175
2537,13.0375,77.8265
2538,13.0375,77.8355
2539,13.0375,77.8445
2540,13.0375,77.8535
2541,13.0375,77.8625
2542,13.0375,77.8715
2543,13.0375,77.8805
2544,13.0375,77.8895
2545,13.0375,77.8985
2546,13.0465,77.3045
2547,13.0465,77.3135
2548,13.0465,77.3225
2549,13.0465,77.3315
2550,13.0465,77.3405
2551,13.0465,77.3495
2552,13.0465,77.3585
2553,13.0465,77.3675
2554,13.0465,77.3765
2555,13.0465,77.3855
2556,13.0465,77.3945
2557,13.0465,77.4035
2558,13.0465,77.4125
2559,13.0465,77.4215
2560,13.0465,77.4305
2561,13.0465,77.4395
2562,13.0465,77.4485
2563,13.0465,77.4575
2564,13.0465,77.4665
2565,13.0465,77.4755
2566,13.0465,77.4845
2567,13.0465,77.4935
2568,13.0465,77.5025
2569,13.0465,77.5115
2570,13.0465,77.5205
2571,13.0465,77.5295
2572,13.0465,77.5385
2573,13.0465,77.5475
2574,13.0465,77.5565
2575,13.0465,77.5655
2576,13.0465,77.5745
2577,13.0465,77.5835
2578,13.0465,77.5925
2579,13.0465,77.6015
2580,13.0465,77.6105
2581,13.0465,77.6195
2582,13.0465,77.6285
2583,13.0465,77.6375
2584,13.0465,77.6465
2585,13.0465,77.6555
2586,13.0465,77.6645
2587,13.0465,77.6735
2588,13.0465,77.6825
2589,13.0465,77.6915
2590,13.0465,77.7005
2591,13.0465,77.7095
2592,13.0465,77.7185
2593,13.0465,77.7275
2594,13.0465,77.7365
2595,13.0465,77.7455
2596,13.0465,77.7545
2597,13.0465,77.7635
2598,13.0465,77.7725
2599,13.0465,77.7815
2600,13.0465,77.7905
2601,13.0465,77.7995
2602,13.0465,77.8085
2603,13.0465,77.8175
2604,13.0465,77.8265
2605,13.0465,77.8355
2606,13.0465,77.8445
2607,13.0465,77.8535
2608,13.0465,77.8625
2609,13.0465,77.8715
2610,13.0465,77.8805
2611,13.0465,77.8895
2612,13.0465,77.8985
2613,13.0555,77.3045
2614,13.0555,77.3135
2615,13.0555,77.3225
2616,13.0555,77.3315
2617,13.0555,77.3405
2618,13.0555,77.3495
2619,13.0555,77.3585
2620,13.0555,77.3675
2621,13.0555,77.3765
2622,13.0555,77.3855
2623,13.0555,77.3945
2624,13.0555,77.4035
2625,13.0555,77.4125
2626,13.0555,77.4215
2627,13.0555,77.4305
2628,13.0555,77.4395
2629,13.0555,77.4485
2630,13.0555,77.4575
2631,13.0555,77.4665
2632,13.0555,77.4755
2633,13.0555,77.4845
2634,13.0555,77.4935
2635,13.0555,77.5025
2636,13.0555,77.5115
2637,13.0555,77.5205
2638,13.0555,77.5295
2639,13.0555,77.5385
2640,13.0555,77.5475
2641,13.0555,77.5565
2642,13.0555,77.5655
2643,13.0555,77.5745
2644,13.0555,77.5835
2645,13.0555,77.5925
2646,13.0555,77.6015
2647,13.0555,77.6105
2648,13.0555,77.6195
2649,13.0555,77.6285
2650,13.0555,77.6375
2651,13.0555,77.6465
2652,13.0555,77.6555
2653,13.0555,77.6645
2654,13.0555,77.6735
2655,13.0555,77.6825
2656,13.0555,77.6915
2657,13.0555,77.7005
2658,13.0555,77.7095
2659,13.0555,77.7185
2660,13.0555,77.7275
2661,13.0555,77.7365
2662,13.0555,77.7455
2663,13.0555,77.7545
2664,13.0555,77.7635
2665,13.0555,77.7725
2666,13.0555,77.7815
2667,13.0555,77.7905
2668,13.0555,77.7995
2669,13.0555,77.8085
2670,13.0555,77.8175
2671,13.0555,77.8265
2672,13.0555,77.8355
2673,13.0555,77.8445
2674,13.0555,77.8535
2675,13.0555,77.8625
2676,13.0555,77.8715
2677,13.0555,77.8805
2678,13.0555,77.8895
2679,13.0555,77.8985
2680,13.0645,77.3045
2681,13.0645,77.3135
2682,13.0645,77.3225
2683,13.0645,77.3315
2684,13.0645,77.3405
2685,13.0645,77.3495
2686,13.0645,77.3585
2687,13.0645,77.3675
2688,13.0645,77.3765
2689,13.0645,77.3855
2690,13.0645,77.3945
2691,13.0645,77.4035
2692,13.0645,77.4125
2693,13.0645,77.4215
2694,13.0645,77.4305
2695,13.0645,77.4395
2696,13.0645,77.4485
2697,13.0645,77.4575
2698,13.0645,77.4665
2699,13.0645,77.4755
2700,13.0645,77.4845
2701,13.0645,77.4935
2702,13.0645,77.5025
2703,13.0645,77.5115
2704,13.0645,77.5205
2705,13.0645,77.5295
2706,13.0645,77.5385
2707,13.0645,77.5475
2708,13.0645,77.5565
2709,13.0645,77.5655
2710,13.0645,77.5745
2711,13.0645,77.5835
2712,13.0645,77.5925
2713,13.0645,77.6015
2714,13.0645,77.6105
2715,13.0645,77.6195
2716,13.0645,77.6285
2717,13.0645,77.6375
2718,13.0645,77.6465
2719,13.0645,77.6555
2720,13.0645,77.6645
2721,13.0645,77.6735
2722,13.0645,77.6825
2723,13.0645,77.6915
2724,13.0645,77.7005
2725,13.0645,77.7095
2726,13.0645,77.7185
2727,13.0645,77.7275
2728,13.0645,77.7365
2729,13.0645,77.7455
2730,13.0645,77.7545
2731,13.0645,77.7635
2732,13.0645,77.7725
2733,13.0645,77.7815
2734,13.0645,77.7905
2735,13.0645,77.7995
2736,13.0645,77.8085
2737,13.0645,77.8175
2738,13.0645,77.8265
2739,13.0645,77.8355
2740,13.0645,77.8445
2741,13.0645,77.8535
2742,13.0645,77.8625
2743,13.0645,77.8715
2744,13.0645,77.8805
2745,13.0645,77.8895
2746,13.0645,77.8985
2747,13.0735,77.3045
2748,13.0735,77.3135
2749,13.0735,77.3225
2750,13.0735,77.3315
2751,13.0735,77.3405
2752,13.0735,77.3495
2753,13.0735,77.3585
2754,13.0735,77.3675
2755,13.0735,77.3765
2756,13.0735,77.3855
2757,13.0735,77.3945
2758,13.0735,77.4035
2759,13.0735,77.4125
2760,13.0735,77.4215
2761,13.0735,77.4305
2762,13.0735,77.4395
2763,13.0735,77.4485
2764,13.0735,77.4575
2765,13.0735,77.4665
2766,13.0735,77.4755
2767,13.0735,77.4845
2768,13.0735,77.4935
2769,13.0735,77.5025
2770,13.0735,77.5115
2771,13.0735,77.5205
2772,13.0735,77.5295
2773,13.0735,77.5385
2774,13.0735,77.5475
2775,13.0735,77.5565
2776,13.0735,77.5655
2777,13.0735,77.5745
2778,13.0735,77.5835
2779,13.0735,77.5925
2780,13.0735,77.6015
2781,13.0735,77.6105
2782,13.0735,77.6195
2783,13.0735,77.6285
2784,13.0735,77.6375
2785,13.0735,77.6465
2786,13.0735,77.6555
2787,13.0735,77.6645
2788,13.0735,77.6735
2789,13.0735,77.6825
2790,13.0735,77.6915
2791,13.0735,77.7005
2792,13.0735,77.7095
2793,13.0735,77.7185
2794,13.0735,77.7275
2795,13.0735,77.7365
2796,13.0735,77.7455
2797,13.0735,77.7545
2798,13.0735,77.7635
2799,13.0735,77.7725
2800,13.0735,77.7815
2801,13.0735,77.7905
2802,13.0735,77.7995
2803,13.0735,77.8085
2804,13.0735,77.8175
2805,13.0735,77.8265
2806,13.0735,77.8355
2807,13.0735,77.8445
2808,13.0735,77.8535
2809,13.0735,77.8625
2810,13.0735,77.8715
2811,13.0735,77.8805
2812,13.0735,77.8895
2813,13.0735,77.8985
2814,13.0825,77.3045
2815,13.0825,77.3135
2816,13.0825,77.3225
2817,13.0825,77.3315
2818,13.0825,77.3405
2819,13.0825,77.3495
2820,13.0825,77.3585
2821,13.0825,77.3675
2822,13.0825,77.3765
2823,13.0825,77.3855
2824,13.0825,77.3945
2825,13.0825,77.4035
2826,13.0825,77.4125
2827,13.0825,77.4215
2828,13.0825,77.4305
2829,13.0825,77.4395
2830,13.0825,77.4485
2831,13.0825,77.4575
2832,13.0825,77.4665
2833,13.0825,77.4755
2834,13.0825,77.4845
2835,13.0825,77.4935
2836,13.0825,77.5025
2837,13.0825,77.5115
2838,13.0825,77.5205
2839,13.0825,77.5295
2840,13.0825,77.5385
2841,13.0825,77.5475
2842,13.0825,77.5565
2843,13.0825,77.5655
2844,13.0825,77.5745
2845,13.0825,77.5835
2846,13.0825,77.5925
2847,13.0825,77.6015
2848,13.0825,77.6105
2849,13.0825,77.6195
2850,13.0825,77.6285
2851,13.0825,77.6375
2852,13.0825,77.6465
2853,13.0825,77.6555
2854,13.0825,77.6645
2855,13.0825,77.6735
2856,13.0825,77.6825
2857,13.0825,77.6915
2858,13.0825,77.7005
2859,13.0825,77.7095
2860,13.0825,77.7185
2861,13.0825,77.7275
2862,13.0825,77.7365
2863,13.0825,77.7455
2864,13.0825,77.7545
2865,13.0825,77.7635
2866,13.0825,77.7725
2867,13.0825,77.7815
2868,13.0825,77.7905
2869,13.0825,77.7995
2870,13.0825,77.8085
2871,13.0825,77.8175
2872,13.0825,77.8265
2873,13.0825,77.8355
2874,13.0825,77.8445
2875,13.0825,77.8535
2876,13.0825,77.8625
2877,13.0825,77.8715
2878,13.0825,77.8805
2879,13.0825,77.8895
2880,13.0825,77.8985
2881,13.0915,77.3045
2882,13.0915,77.3135
2883,13.0915,77.3225
2884,13.0915,77.3315
2885,13.0915,77.3405
2886,13.0915,77.3495
2887,13.0915,77.3585
2888,13.0915,77.3675
2889,13.0915,77.3765
2890,13.0915,77.3855
2891,13.0915,77.3945
2892,13.0915,77.4035
2893,13.0915,77.4125
2894,13.0915,77.4215
2895,13.0915,77.4305
2896,13.0915,77.4395
2897,13.0915,77.4485
2898,13.0915,77.4575
2899,13.0915,77.4665
2900,13.0915,77.4755
2901,13.0915,77.4845
2902,13.0915,77.4935
2903,13.0915,77.5025
2904,13.0915,77.5115
2905,13.0915,77.5205
2906,13.0915,77.5295
2907,13.0915,77.5385
2908,13.0915,77.5475
2909,13.0915,77.5565
2910,13.0915,77.5655
2911,13.0915,77.5745
2912,13.0915,77.5835
2913,13.0915,77.5925
2914,13.0915,77.6015
2915,13.0915,77.6105
2916,13.0915,77.6195
2917,13.0915,77.6285
2918,13.0915,77.6375
2919,13.0915,77.6465
2920,13.0915,77.6555
2921,13.0915,77.6645
2922,13.0915,77.6735
2923,13.0915,77.6825
2924,13.0915,77.6915
2925,13.0915,77.7005
2926,13.0915,77.7095
2927,13.0915,77.7185
2928,13.0915,77.7275
2929,13.0915,77.7365
2930,13.0915,77.7455
2931,13.0915,77.7545
2932,13.0915,77.7635
2933,13.0915,77.7725
2934,13.0915,77.7815
2935,13.0915,77.7905
2936,13.0915,77.7995
2937,13.0915,77.8085
2938,13.0915,77.8175
2939,13.0915,77.8265
2940,13.0915,77.8355
2941,13.0915,77.8445
2942,13.0915,77.8535
2943,13.0915,77.8625
2944,13.0915,77.8715
2945,13.0915,77.8805
2946,13.0915,77.8895
2947,13.0915,77.8985
2948,13.1005,77.3045
2949,13.1005,77.3135
2950,13.1005,77.3225
2951,13.1005,77.3315
2952,13.1005,77.3405
2953,13.1005,77.3495
2954,13.1005,77.3585
2955,13.1005,77.3675
2956,13.1005,77.3765
2957,13.1005,77.3855
2958,13.1005,77.3945
2959,13.1005,77.4035
2960,13.1005,77.4125
2961,13.1005,77.4215
2962,13.1005,77.4305
2963,13.1005,77.4395
2964,13.1005,77.4485
2965,13.1005,77.4575
2966,13.1005,77.4665
2967,13.1005,77.4755
2968,13.1005,77.4845
2969,13.1005,77.4935
2970,13.1005,77.5025
2971,13.1005,77.5115
2972,13.1005,77.5205
2973,13.1005,77.5295
2974,13.1005,77.5385
2975,13.1005,77.5475
2976,13.1005,77.5565
2977,13.1005,77.5655
2978,13.1005,77.5745
2979,13.1005,77.5835
2980,13.1005,77.5925
2981,13.1005,77.6015
2982,13.1005,77.6105
2983,13.1005,77.6195
2984,13.1005,77.6285
2985,13.1005,77.6375
2986,13.1005,77.6465
2987,13.1005,77.6555
2988,13.1005,77.6645
2989,13.1005,77.6735
2990,13.1005,77.6825
2991,13.1005,77.6915
2992,13.1005,77.7005
2993,13.1005,77.7095
2994,13.1005,77.7185
2995,13.1005,77.7275
2996,13.1005,77.7365
2997,13.1005,77.7455
2998,13.1005,77.7545
2999,13.1005,77.7635
3000,13.1005,77.7725
3001,13.1005,77.7815
3002,13.1005,77.7905
3003,13.1005,77.7995
3004,13.1005,77.8085
3005,13.1005,77.8175
3006,13.1005,77.8265
3007,13.1005,77.8355
3008,13.1005,77.8445
3009,13.1005,77.8535
3010,13.1005,77.8625
3011,13.1005,77.8715
3012,13.1005,77.8805
3013,13.1005,77.8895
3014,13.1005,77.8985
3015,13.1095,77.3045
3016,13.1095,77.3135
3017,13.1095,77.3225
3018,13.1095,77.3315
3019,13.1095,77.3405
3020,13.1095,77.3495
3021,13.1095,77.3585
3022,13.1095,77.3675
3023,13.1095,77.3765
3024,13.1095,77.3855
3025,13.1095,77.3945
3026,13.1095,77.4035
3027,13.1095,77.4125
3028,13.1095,77.4215
3029,13.1095,77.4305
3030,13.1095,77.4395
3031,13.1095,77.4485
3032,13.1095,77.4575
3033,13.1095,77.4665
3034,13.1095,77.4755
3035,13.1095,77.4845
3036,13.1095,77.4935
3037,13.1095,77.5025
3038,13.1095,77.5115
3039,13.1095,77.5205
3040,13.1095,77.5295
3041,13.1095,77.5385
3042,13.1095,77.5475
3043,13.1095,77.5565
3044,13.1095,77.5655
3045,13.1095,77.5745
3046,13.1095,77.5835
3047,13.1095,77.5925
3048,13.1095,77.6015
3049,13.1095,77.6105
3050,13.1095,77.6195
3051,13.1095,77.6285
3052,13.1095,77.6375
3053,13.1095,77.6465
3054,13.1095,77.6555
3055,13.1095,77.6645
3056,13.1095,77.6735
3057,13.1095,77.6825
3058,13.1095,77.6915
3059,13.1095,77.7005
3060,13.1095,77.7095
3061,13.1095,77.7185
3062,13.1095,77.7275
3063,13.1095,77.7365
3064,13.1095,77.7455
3065,13.1095,77.7545
3066,13.1095,77.7635
3067,13.1095,77.7725
3068,13.1095,77.7815
3069,13.1095,77.7905
3070,13.1095,77.7995
3071,13.1095,77.8085
3072,13.1095,77.8175
3073,13.1095,77.8265
3074,13.1095,77.8355
3075,13.1095,77.8445
3076,13.1095,77.8535
3077,13.1095,77.8625
3078,13.1095,77.8715
3079,13.1095,77.8805
3080,13.1095,77.8895
3081,13.1095,77.8985
3082,13.1185,77.3045
3083,13.1185,77.3135
3084,13.1185,77.3225
3085,13.1185,77.3315
3086,13.1185,77.3405
3087,13.1185,77.3495
3088,13.1185,77.3585
3089,13.1185,77.3675
3090,13.1185,77.3765
3091,13.1185,77.3855
3092,13.1185,77.3945
3093,13.1185,77.4035
3094,13.1185,77.4125
3095,13.1185,77.4215
3096,13.1185,77.4305
3097,13.1185,77.4395
3098,13.1185,77.4485
3099,13.1185,77.4575
3100,13.1185,77.4665
3101,13.1185,77.4755
3102,13.1185,77.4845
3103,13.1185,77.4935
3104,13.1185,77.5025
3105,13.1185,77.5115
3106,13.1185,77.5205
3107,13.1185,77.5295
3108,13.1185,77.5385
3109,13.1185,77.5475
3110,13.1185,77.5565
3111,13.1185,77.5655
3112,13.1185,77.5745
3113,13.1185,77.5835
3114,13.1185,77.5925
3115,13.1185,77.6015
3116,13.1185,77.6105
3117,13.1185,77.6195
3118,13.1185,77.6285
3119,13.1185,77.6375
3120,13.1185,77.6465
3121,13.1185,77.6555
3122,13.1185,77.6645
3123,13.1185,77.6735
3124,13.1185,77.6825
3125,13.1185,77.6915
3126,13.1185,77.7005
3127,13.1185,77.7095
3128,13.1185,77.7185
3129,13.1185,77.7275
3130,13.1185,77.7365
3131,13.1185,77.7455
3132,13.1185,77.7545
3133,13.1185,77.7635
3134,13.1185,77.7725
3135,13.1185,77.7815
3136,13.1185,77.7905
3137,13.1185,77.7995
3138,13.1185,77.8085
3139,13.1185,77.8175
3140,13.1185,77.8265
3141,13.1185,77.8355
3142,13.1185,77.8445
3143,13.1185,77.8535
3144,13.1185,77.8625
3145,13.1185,77.8715
3146,13.1185,77.8805
3147,13.1185,77.8895
3148,13.1185,77.8985
3149,13.1275,77.3045
3150,13.1275,77.3135
3151,13.1275,77.3225
3152,13.1275,77.3315
3153,13.1275,77.3405
3154,13.1275,77.3495
3155,13.1275,77.3585
3156,13.1275,77.3675
3157,13.1275,77.3765
3158,13.1275,77.3855
3159,13.1275,77.3945
3160,13.1275,77.4035
3161,13.1275,77.4125
3162,13.1275,77.4215
3163,13.1275,77.4305
3164,13.1275,77.4395
3165,13.1275,77.4485
3166,13.1275,77.4575
3167,13.1275,77.4665
3168,13.1275,77.4755
3169,13.1275,77.4845
3170,13.1275,77.4935
3171,13.1275,77.5025
3172,13.1275,77.5115
3173,13.1275,77.5205
3174,13.1275,77.5295
3175,13.1275,77.5385
3176,13.1275,77.5475
3177,13.1275,77.5565
3178,13.1275,77.5655
3179,13.1275,77.5745
3180,13.1275,77.5835
3181,13.1275,77.5925
3182,13.1275,77.6015
3183,13.1275,77.6105
3184,13.1275,77.6195
3185,13.1275,77.6285
3186,13.1275,77.6375
3187,13.1275,77.6465
3188,13.1275,77.6555
3189,13.1275,77.6645
3190,13.1275,77.6735
3191,13.1275,77.6825
3192,13.1275,77.6915
3193,13.1275,77.7005
3194,13.1275,77.7095
3195,13.1275,77.7185
3196,13.1275,77.7275
3197,13.1275,77.7365
3198,13.1275,77.7455
3199,13.1275,77.7545
3200,13.1275,77.7635
3201,13.1275,77.7725
3202,13.1275,77.7815
3203,13.1275,77.7905
3204,13.1275,77.7995
3205,13.1275,77.8085
3206,13.1275,77.8175
3207,13.1275,77.8265
3208,13.1275,77.8355
3209,13.1275,77.8445
3210,13.1275,77.8535
3211,13.1275,77.8625
3212,13.1275,77.8715
3213,13.1275,77.8805
3214,13.1275,77.8895
3215,13.1275,77.8985
3216,13.1365,77.3045
3217,13.1365,77.3135
3218,13.1365,77.3225
3219,13.1365,77.3315
3220,13.1365,77.3405
3221,13.1365,77.3495
3222,13.1365,77.3585
3223,13.1365,77.3675
3224,13.1365,77.3765
3225,13.1365,77.3855
3226,13.1365,77.3945
3227,13.1365,77.4035
3228,13.1365,77.4125
3229,13.1365,77.4215
3230,13.1365,77.4305
3231,13.1365,77.4395
3232,13.1365,77.4485
3233,13.1365,77.4575
3234,13.1365,77.4665
3235,13.1365,77.4755
3236,13.1365,77.4845
3237,13.1365,77.4935
3238,13.1365,77.5025
3239,13.1365,77.5115
3240,13.1365,77.5205
3241,13.1365,77.5295
3242,13.1365,77.5385
3243,13.1365,77.5475
3244,13.1365,77.5565
3245,13.1365,77.5655
3246,13.1365,77.5745
3247,13.1365,77.5835
3248,13.1365,77.5925
3249,13.1365,77.6015
3250,13.1365,77.6105
3251,13.1365,77.6195
3252,13.1365,77.6285
3253,13.1365,77.6375
3254,13.1365,77.6465
3255,13.1365,77.6555
3256,13.1365,77.6645
3257,13.1365,77.6735
3258,13.1365,77.6825
3259,13.1365,77.6915
3260,13.1365,77.7005
3261,13.1365,77.7095
3262,13.1365,77.7185
3263,13.1365,77.7275
3264,13.1365,77.7365
3265,13.1365,77.7455
3266,13.1365,77.7545
3267,13.1365,77.7635
3268,13.1365,77.7725
3269,13.1365,77.7815
3270,13.1365,77.7905
3271,13.1365,77.7995
3272,13.1365,77.8085
3273,13.1365,77.8175
3274,13.1365,77.8265
3275,13.1365,77.8355
3276,13.1365,77.8445
3277,13.1365,77.8535
3278,13.1365,77.8625
3279,13.1365,77.8715
3280,13.1365,77.8805
3281,13.1365,77.8895
3282,13.1365,77.8985
3283,13.1455,77.3045
3284,13.1455,77.3135
3285,13.1455,77.3225
3286,13.1455,77.3315
3287,13.1455,77.3405
3288,13.1455,77.3495
3289,13.1455,77.3585
3290,13.1455,77.3675
3291,13.1455,77.3765
3292,13.1455,77.3855
3293,13.1455,77.3945
3294,13.1455,77.4035
3295,13.1455,77.4125
3296,13.1455,77.4215
3297,13.1455,77.4305
3298,13.1455,77.4395
3299,13.1455,77.4485
3300,13.1455,77.4575
3301,13.1455,77.4665
3302,13.1455,77.4755
3303,13.1455,77.4845
3304,13.1455,77.4935
3305,13.1455,77.5025
3306,13.1455,77.5115
3307,13.1455,77.5205
3308,13.1455,77.5295
3309,13.1455,77.5385
3310,13.1455,77.5475
3311,13.1455,77.5565
3312,13.1455,77.5655
3313,13.1455,77.5745
3314,13.1455,77.5835
3315,13.1455,77.5925
3316,13.1455,77.6015
3317,13.1455,77.6105
3318,13.1455,77.6195
3319,13.1455,77.6285
3320,13.1455,77.6375
3321,13.1455,77.6465
3322,13.1455,77.6555
3323,13.1455,77.6645
3324,13.1455,77.6735
3325,13.1455,77.6825
3326,13.1455,77.6915
3327,13.1455,77.7005
3328,13.1455,77.7095
3329,13.1455,77.7185
3330,13.1455,77.7275
3331,13.1455,77.7365
3332,13.1455,77.7455
3333,13.1455,77.7545
3334,13.1455,77.7635
3335,13.1455,77.7725
3336,13.1455,77.7815
3337,13.1455,77.7905
3338,13.1455,77.7995
3339,13.1455,77.8085
3340,13.1455,77.8175
3341,13.1455,77.8265
3342,13.1455,77.8355
3343,13.1455,77.8445
3344,13.1455,77.8535
3345,13.1455,77.8625
3346,13.1455,77.8715
3347,13.1455,77.8805
3348,13.1455,77.8895
3349,13.1455,77.8985
3350,13.1545,77.3045
3351,13.1545,77.3135
3352,13.1545,77.3225
3353,13.1545,77.3315
3354,13.1545,77.3405
3355,13.1545,77.3495
3356,13.1545,77.3585
3357,13.1545,77.3675
3358,13.1545,77.3765
3359,13.1545,77.3855
3360,13.1545,77.3945
3361,13.1545,77.4035
3362,13.1545,77.4125
3363,13.1545,77.4215
3364,13.1545,77.4305
3365,13.1545,77.4395
3366,13.1545,77.4485
3367,13.1545,77.4575
3368,13.1545,77.4665
3369,13.1545,77.4755
3370,13.1545,77.4845
3371,13.1545,77.4935
3372,13.1545,77.5025
3373,13.1545,77.5115
3374,13.1545,77.5205
3375,13.1545,77.5295
3376,13.1545,77.5385
3377,13.1545,77.5475
3378,13.1545,77.5565
3379,13.1545,77.5655
3380,13.1545,77.5745
3381,13.1545,77.5835
3382,13.1545,77.5925
3383,13.1545,77.6015
3384,13.1545,77.6105
3385,13.1545,77.6195
3386,13.1545,77.6285
3387,13.1545,77.6375
3388,13.1545,77.6465
3389,13.1545,77.6555
3390,13.1545,77.6645
3391,13.1545,77.6735
3392,13.1545,77.6825
3393,13.1545,77.6915
3394,13.1545,77.7005
3395,13.1545,77.7095
3396,13.1545,77.7185
3397,13.1545,77.7275
3398,13.1545,77.7365
3399,13.1545,77.7455
3400,13.1545,77.7545
3401,13.1545,77.7635
3402,13.1545,77.7725
3403,13.1545,77.7815
3404,13.1545,77.7905
3405,13.1545,77.7995
3406,13.1545,77.8085
3407,13.1545,77.8175
3408,13.1545,77.8265
3409,13.1545,77.8355
3410,13.1545,77.8445
3411,13.1545,77.8535
3412,13.1545,77.8625
3413,13.1545,77.8715
3414,13.1545,77.8805
3415,13.1545,77.8895
3416,13.1545,77.8985
3417,13.1635,77.3045
3418,13.1635,77.3135
3419,13.1635,77.3225
3420,13.1635,77.3315
3421,13.1635,77.3405
3422,13.1635,77.3495
3423,13.1635,77.3585
3424,13.1635,77.3675
3425,13.1635,77.3765
3426,13.1635,77.3855
3427,13.1635,77.3945
3428,13.1635,77.4035
3429,13.1635,77.4125
3430,13.1635,77.4215
3431,13.1635,77.4305
3432,13.1635,77.4395
3433,13.1635,77.4485
3434,13.1635,77.4575
3435,13.1635,77.4665
3436,13.1635,77.4755
3437,13.1635,77.4845
3438,13.1635,77.4935
3439,13.1635,77.5025
3440,13.1635,77.5115
3441,13.1635,77.5205
3442,13.1635,77.5295
3443,13.1635,77.5385
3444,13.1635,77.5475
3445,13.1635,77.5565
3446,13.1635,77.5655
3447,13.1635,77.5745
3448,13.1635,77.5835
3449,13.1635,77.5925
3450,13.1635,77.6015
3451,13.1635,77.6105
3452,13.1635,77.6195
3453,13.1635,77.6285
3454,13.1635,77.6375
3455,13.1635,77.6465
3456,13.1635,77.6555
3457,13.1635,77.6645
3458,13.1635,77.6735
3459,13.1635,77.6825
3460,13.1635,77.6915
3461,13.1635,77.7005
3462,13.1635,77.7095
3463,13.1635,77.7185
3464,13.1635,77.7275
3465,13.1635,77.7365
3466,13.1635,77.7455
3467,13.1635,77.7545
3468,13.1635,77.7635
3469,13.1635,77.7725
3470,13.1635,77.7815
3471,13.1635,77.7905
3472,13.1635,77.7995
3473,13.1635,77.8085
3474,13.1635,77.8175
3475,13.1635,77.8265
3476,13.1635,77.8355
3477,13.1635,77.8445
3478,13.1635,77.8535
3479,13.1635,77.8625
3480,13.1635,77.8715
3481,13.1635,77.8805
3482,13.1635,77.8895
3483,13.1635,77.8985
3484,13.1725,77.3045
3485,13.1725,77.3135
3486,13.1725,77.3225
3487,13.1725,77.3315
3488,13.1725,77.3405
3489,13.1725,77.3495
3490,13.1725,77.3585
3491,13.1725,77.3675
3492,13.1725,77.3765
3493,13.1725,77.3855
3494,13.1725,77.3945
3495,13.1725,77.4035
3496,13.1725,77.4125
3497,13.1725,77.4215
3498,13.1725,77.4305
3499,13.1725,77.4395
3500,13.1725,77.4485
3501,13.1725,77.4575
3502,13.1725,77.4665
3503,13.1725,77.4755
3504,13.1725,77.4845
3505,13.1725,77.4935
3506,13.1725,77.5025
3507,13.1725,77.5115
3508,13.1725,77.5205
3509,13.1725,77.5295
3510,13.1725,77.5385
3511,13.1725,77.5475
3512,13.1725,77.5565
3513,13.1725,77.5655
3514,13.1725,77.5745
3515,13.1725,77.5835
3516,13.1725,77.5925
3517,13.1725,77.6015
3518,13.1725,77.6105
3519,13.1725,77.6195
3520,13.1725,77.6285
3521,13.1725,77.6375
3522,13.1725,77.6465
3523,13.1725,77.6555
3524,13.1725,77.6645
3525,13.1725,77.6735
3526,13.1725,77.6825
3527,13.1725,77.6915
3528,13.1725,77.7005
3529,13.1725,77.7095
3530,13.1725,77.7185
3531,13.1725,77.7275
3532,13.1725,77.7365
3533,13.1725,77.7455
3534,13.1725,77.7545
3535,13.1725,77.7635
3536,13.1725,77.7725
3537,13.1725,77.7815
3538,13.1725,77.7905
3539,13.1725,77.7995
3540,13.1725,77.8085
3541,13.1725,77.8175
3542,13.1725,77.8265
3543,13.1725,77.8355
3544,13.1725,77.8445
3545,13.1725,77.8535
3546,13.1725,77.8625
3547,13.1725,77.8715
3548,13.1725,77.8805
3549,13.1725,77.8895
3550,13.1725,77.8985
3551,13.1815,77.3045
3552,13.1815,77.3135
3553,13.1815,77.3225
3554,13.1815,77.3315
3555,13.1815,77.3405
3556,13.1815,77.3495
3557,13.1815,77.3585
3558,13.1815,77.3675
3559,13.1815,77.3765
3560,13.1815,77.3855
3561,13.1815,77.3945
3562,13.1815,77.4035
3563,13.1815,77.4125
3564,13.1815,77.4215
3565,13.1815,77.4305
3566,13.1815,77.4395
3567,13.1815,77.4485
3568,13.1815,77.4575
3569,13.1815,77.4665
3570,13.1815,77.4755
3571,13.1815,77.4845
3572,13.1815,77.4935
3573,13.1815,77.5025
3574,13.1815,77.5115
3575,13.1815,77.5205
3576,13.1815,77.5295
3577,13.1815,77.5385
3578,13.1815,77.5475
3579,13.1815,77.5565
3580,13.1815,77.5655
3581,13.1815,77.5745
3582,13.1815,77.5835
3583,13.1815,77.5925
3584,13.1815,77.6015
3585,13.1815,77.6105
3586,13.1815,77.6195
3587,13.1815,77.6285
3588,13.1815,77.6375
3589,13.1815,77.6465
3590,13.1815,77.6555
3591,13.1815,77.6645
3592,13.1815,77.6735
3593,13.1815,77.6825
3594,13.1815,77.6915
3595,13.1815,77.7005
3596,13.1815,77.7095
3597,13.1815,77.7185
3598,13.1815,77.7275
3599,13.1815,77.7365
3600,13.1815,77.7455
3601,13.1815,77.7545
3602,13.1815,77.7635
3603,13.1815,77.7725
3604,13.1815,77.7815
3605,13.1815,77.7905
3606,13.1815,77.7995
3607,13.1815,77.8085
3608,13.1815,77.8175
3609,13.1815,77.8265
3610,13.1815,77.8355
3611,13.1815,77.8445
3612,13.1815,77.8535
3613,13.1815,77.8625
3614,13.1815,77.8715
3615,13.1815,77.8805
3616,13.1815,77.8895
3617,13.1815,77.8985
3618,13.1905,77.3045
3619,13.1905,77.3135
3620,13.1905,77.3225
3621,13.1905,77.3315
3622,13.1905,77.3405
3623,13.1905,77.3495
3624,13.1905,77.3585
3625,13.1905,77.3675
3626,13.1905,77.3765
3627,13.1905,77.3855
3628,13.1905,77.3945
3629,13.1905,77.4035
3630,13.1905,77.4125
3631,13.1905,77.4215
3632,13.1905,77.4305
3633,13.1905,77.4395
3634,13.1905,77.4485
3635,13.1905,77.4575
3636,13.1905,77.4665
3637,13.1905,77.4755
3638,13.1905,77.4845
3639,13.1905,77.4935
3640,13.1905,77.5025
3641,13.1905,77.5115
3642,13.1905,77.5205
3643,13.1905,77.5295
3644,13.1905,77.5385
3645,13.1905,77.5475
3646,13.1905,77.5565
3647,13.1905,77.5655
3648,13.1905,77.5745
3649,13.1905,77.5835
3650,13.1905,77.5925
3651,13.1905,77.6015
3652,13.1905,77.6105
3653,13.1905,77.6195
3654,13.1905,77.6285
3655,13.1905,77.6375
3656,13.1905,77.6465
3657,13.1905,77.6555
3658,13.1905,77.6645
3659,13.1905,77.6735
3660,13.1905,77.6825
3661,13.1905,77.6915
3662,13.1905,77.7005
3663,13.1905,77.7095
3664,13.1905,77.7185
3665,13.1905,77.7275
3666,13.1905,77.7365
3667,13.1905,77.7455
3668,13.1905,77.7545
3669,13.1905,77.7635
3670,13.1905,77.7725
3671,13.1905,77.7815
3672,13.1905,77.7905
3673,13.1905,77.7995
3674,13.1905,77.8085
3675,13.1905,77.8175
3676,13.1905,77.8265
3677,13.1905,77.8355
3678,13.1905,77.8445
3679,13.1905,77.8535
3680,13.1905,77.8625
3681,13.1905,77.8715
3682,13.1905,77.8805
3683,13.1905,77.8895
3684,13.1905,77.8985
3685,13.1995,77.3045
3686,13.1995,77.3135
3687,13.1995,77.3225
3688,13.1995,77.3315
3689,13.1995,77.3405
3690,13.1995,77.3495
3691,13.1995,77.3585
3692,13.1995,77.3675
3693,13.1995,77.3765
3694,13.1995,77.3855
3695,13.1995,77.3945
3696,13.1995,77.4035
3697,13.1995,77.4125
3698,13.1995,77.4215
3699,13.1995,77.4305
3700,13.1995,77.4395
3701,13.1995,77.4485
3702,13.1995,77.4575
3703,13.1995,77.4665
3704,13.1995,77.4755
3705,13.1995,77.4845
3706,13.1995,77.4935
3707,13.1995,77.5025
3708,13.1995,77.5115
3709,13.1995,77.5205
3710,13.1995,77.5295
3711,13.1995,77.5385
3712,13.1995,77.5475
3713,13.1995,77.5565
3714,13.1995,77.5655
3715,13.1995,77.5745
3716,13.1995,77.5835
3717,13.1995,77.5925
3718,13.1995,77.6015
3719,13.1995,77.6105
3720,13.1995,77.6195
3721,13.1995,77.6285
3722,13.1995,77.6375
3723,13.1995,77.6465
3724,13.1995,77.6555
3725,13.1995,77.6645
3726,13.1995,77.6735
3727,13.1995,77.6825
3728,13.1995,77.6915
3729,13.1995,77.7005
3730,13.1995,77.7095
3731,13.1995,77.7185
3732,13.1995,77.7275
3733,13.1995,77.7365
3734,13.1995,77.7455
3735,13.1995,77.7545
3736,13.1995,77.7635
3737,13.1995,77.7725
3738,13.1995,77.7815
3739,13.1995,77.7905
3740,13.1995,77.7995
3741,13.1995,77.8085
3742,13.1995,77.8175
3743,13.1995,77.8265
3744,13.1995,77.8355
3745,13.1995,77.8445
3746,13.1995,77.8535
3747,13.1995,77.8625
3748,13.1995,77.8715
3749,13.1995,77.8805
3750,13.1995,77.8895
3751,13.1995,77.8985
