cell_id,road_length_km,building_count
0,0.0,0
1,0.0,0
2,9.4714,0
3,8.533,0
4,0.0,0
5,0.0,0
6,0.0,0
7,0.0,0
8,1.3728,0
9,10.0224,0
10,10.3318,0
11,3.4882,0
12,6.0622,0
13,4.9365,0
14,8.0543,0
15,6.9542,0
16,8.3105,0
17,6.1742,0
18,5.3054,0
19,5.7637,1
20,9.3736,1
21,16.7906,0
22,21.0858,0
23,7.9467,0
24,8.2823,0
25,0.0,0
26,0.0,0
27,0.0,0
28,0.0,0
29,12.6439,0
30,8.8583,0
31,0.0,0
32,0.0,0
33,0.0,0
34,0.0,0
35,0.0,0
36,0.0,0
37,0.0,0
38,9.4242,0
39,6.0021,0
40,6.8697,0
41,4.4416,0
42,12.4264,0
43,20.2747,1
44,46.3421,2
45,20.8332,0
46,7.7771,2
47,7.3524,0
48,8.9771,0
49,8.2468,0
50,0.0,0
51,4.0149,0
52,8.1603,0
53,8.7346,7
54,18.3363,4
55,10.4613,0
56,17.749,0
57,33.6965,6
58,21.2384,0
59,17.8765,0
60,12.0915,5
61,0.9681,7
62,5.3164,0
63,13.982,159
64,9.3244,0
65,9.4948,0
66,3.4961,0
67,0.0,0
68,5.3272,0
69,4.0541,0
70,8.533,0
71,8.3268,0
72,18.7568,0
73,8.3836,0
74,3.1167,0
75,5.7937,0
76,15.9056,0
77,8.2093,0
78,6.8538,0
79,12.824,0
80,13.3303,0
81,13.0397,0
82,13.4709,0
83,14.3169,0
84,11.9615,0
85,7.8212,0
86,14.3668,0
87,15.1993,0
88,4.225,0
89,14.9099,0
90,4.1219,0
91,8.5125,0
92,2.5874,0
93,0.0,0
94,0.0,0
95,0.0,0
96,3.2631,1
97,12.1215,0
98,8.8583,0
99,10.7513,0
100,0.0,0
101,0.0,0
102,4.3817,0
103,3.6118,0
104,11.0417,0
105,6.2839,0
106,11.5869,0
107,12.4071,1
108,8.3683,0
109,8.8026,0
110,44.2014,1
111,62.638,6
112,27.5077,0
113,10.1144,0
114,15.2485,0
115,10.8967,0
116,7.3488,0
117,18.4962,0
118,8.9836,1
119,5.7003,0
120,19.0537,0
121,25.6465,0
122,19.8082,0
123,15.9825,0
124,35.7979,48
125,33.0761,107
126,24.1937,35
127,19.2786,113
128,18.1968,225
129,8.0494,4
130,22.769,59
131,29.3404,21
132,21.517,0
133,9.6762,0
134,5.3594,0
135,4.4754,0
136,0.0,0
137,0.0,0
138,2.1739,0
139,5.3207,0
140,11.5354,0
141,8.3836,0
142,11.0973,0
143,7.7955,0
144,11.032,0
145,12.902,0
146,8.6402,0
147,10.171,0
148,12.3774,0
149,8.8717,0
150,10.6069,0
151,0.0,0
152,4.0773,0
153,7.237,0
154,14.8494,3
155,12.7937,0
156,13.216,0
157,14.03,0
158,7.4097,0
159,10.3793,0
160,0.0,0
161,0.0,0
162,0.0,0
163,3.1246,0
164,16.9032,1
165,4.4606,0
166,11.7438,0
167,14.1081,0
168,6.7974,1
169,7.0662,1
170,7.0548,0
171,9.4189,0
172,4.5102,0
173,8.8053,0
174,12.8742,0
175,10.5037,0
176,19.0019,0
177,14.7309,0
178,27.0933,1
179,13.5092,2
180,19.8465,0
181,4.2637,0
182,20.1802,0
183,10.2402,0
184,14.1746,0
185,12.3574,1
186,9.1031,0
187,10.6453,1
188,15.9173,0
189,30.6711,5
190,45.2541,15
191,26.7613,0
192,51.6562,16
193,42.0078,3
194,41.1442,0
195,37.4889,9
196,28.2823,1
197,14.759,5
198,2.4844,6
199,12.5573,0
200,1.5611,1
201,6.6524,0
202,1.9849,0
203,0.0,0
204,0.0,0
205,0.0,0
206,1.2736,0
207,9.3129,0
208,0.0,0
209,6.8749,0
210,12.5191,0
211,9.3565,0
212,14.4723,0
213,9.6112,0
214,16.4013,0
215,12.4915,0
216,13.9086,0
217,12.4245,0
218,9.3187,0
219,8.8822,0
220,8.3351,0
221,17.4147,9
222,16.2696,2
223,2.1804,0
224,10.1484,0
225,16.7924,0
226,3.8328,0
227,0.0,0
228,7.3932,0
229,0.0,0
230,0.0,0
231,8.0877,0
232,20.1679,0
233,8.8583,0
234,11.6836,3
235,7.929,0
236,3.1297,0
237,7.5976,1
238,17.6428,1
239,6.3127,0
240,15.6112,0
241,18.12,0
242,16.6493,0
243,12.5318,0
244,9.8155,0
245,19.6578,0
246,9.8947,6
247,5.9174,0
248,13.5444,0
249,15.9396,0
250,1.7219,0
251,8.3884,0
252,0.0,0
253,0.3325,0
254,12.6207,2
255,7.1314,18
256,17.5253,0
257,51.0099,15
258,34.697,39
259,36.8468,14
260,40.1931,2
261,42.6003,2
262,22.6833,1
263,12.3852,0
264,14.1994,0
265,14.4269,1
266,14.8044,0
267,7.4794,0
268,13.9504,0
269,18.7095,0
270,5.9819,0
271,0.0,0
272,0.0,0
273,1.7138,0
274,4.8874,0
275,9.0797,0
276,18.9747,9
277,14.011,8
278,15.0339,0
279,14.6826,0
280,15.2662,0
281,11.0752,0
282,13.9503,0
283,8.5668,0
284,13.0858,0
285,9.6569,0
286,9.9271,0
287,15.3371,0
288,20.4753,48
289,14.0254,1
290,4.4878,2
291,0.0,0
292,9.1185,0
293,5.0625,0
294,4.7759,0
295,4.7759,0
296,0.0,0
297,0.0,0
298,9.6146,0
299,4.4564,0
300,4.5501,0
301,9.5589,0
302,3.6867,0
303,0.0,0
304,0.0,0
305,9.3376,0
306,10.5754,0
307,3.8728,0
308,28.1259,0
309,29.339,0
310,20.2578,0
311,9.0617,0
312,15.4976,0
313,6.5937,5
314,9.1786,0
315,12.9694,8
316,14.2893,2
317,11.9062,0
318,10.6188,0
319,4.8119,0
320,2.043,0
321,8.7274,4
322,8.6283,10
323,25.2975,0
324,40.1685,1
325,34.8815,4
326,50.0897,5
327,36.9903,3
328,20.2443,9
329,23.4619,0
330,19.2375,0
331,15.5802,0
332,12.0465,0
333,12.376,0
334,8.9189,0
335,1.8203,0
336,14.4962,0
337,14.2037,0
338,7.7875,1
339,8.5573,0
340,10.2506,0
341,8.0898,0
342,14.174,0
343,14.2146,13
344,14.9847,11
345,7.7375,0
346,6.7359,0
347,7.1463,0
348,23.0203,1
349,9.4636,0
350,8.4974,0
351,14.7753,10
352,4.2146,0
353,8.7335,0
354,15.6454,0
355,18.54,3
356,12.671,0
357,11.1491,0
358,8.9909,0
359,6.8826,0
360,10.4115,0
361,14.4644,0
362,0.0,0
363,0.0,0
364,0.0,0
365,12.8856,0
366,3.5842,1
367,0.0,0
368,0.9639,0
369,12.3332,0
370,14.0222,0
371,4.9769,0
372,15.918,0
373,24.1483,0
374,15.1345,1
375,21.0347,1
376,21.7302,0
377,32.5761,69
378,22.5239,0
379,14.3797,0
380,19.4667,1
381,15.4433,0
382,16.0069,4
383,10.0757,14
384,25.6417,0
385,9.203,0
386,8.979,0
387,9.7891,0
388,19.2601,0
389,17.4763,1
390,52.2993,3
391,20.5878,4
392,28.7938,0
393,48.2777,0
394,49.4345,4
395,31.0786,2
396,11.789,0
397,9.1693,0
398,23.3719,0
399,10.9317,0
400,17.5815,0
401,1.9995,0
402,0.0,0
403,4.8774,0
404,34.752,0
405,25.3577,0
406,7.3056,0
407,6.5969,0
408,3.4001,0
409,12.0389,0
410,11.2454,0
411,5.5434,0
412,10.8212,0
413,15.13,0
414,9.8587,0
415,3.4002,0
416,0.0,0
417,6.3024,0
418,7.1089,0
419,6.7772,0
420,12.3915,0
421,11.5202,0
422,21.2286,0
423,11.2679,0
424,8.1181,0
425,7.07,0
426,10.5332,0
427,11.1415,0
428,0.0,0
429,0.0,0
430,0.0,0
431,0.0,0
432,12.0381,0
433,12.0381,0
434,0.0,0
435,12.0971,0
436,8.684,0
437,34.122,1
438,8.8057,1
439,13.5245,1
440,14.6823,0
441,15.8381,0
442,21.4006,0
443,10.6033,7
444,28.0583,0
445,24.9164,1
446,15.9168,24
447,15.0453,2
448,7.7236,1
449,9.0516,0
450,7.5183,0
451,16.4343,0
452,9.9571,0
453,7.0503,5
454,11.5013,0
455,9.8078,0
456,20.6955,2
457,17.2302,3
458,21.0489,1
459,28.7496,0
460,41.2037,1
461,30.1735,0
462,16.0705,0
463,17.3646,0
464,7.9945,0
465,9.6291,0
466,12.8204,0
467,16.1191,0
468,6.4362,1
469,8.4601,0
470,7.4981,0
471,15.3077,0
472,29.5179,3
473,32.074,0
474,28.0626,0
475,13.741,0
476,13.5295,0
477,10.6611,0
478,4.8396,0
479,10.4571,0
480,10.2933,0
481,16.0987,20
482,2.3962,4
483,4.5151,1
484,11.1699,0
485,2.9026,0
486,0.8235,0
487,6.0756,0
488,1.9748,0
489,15.7916,0
490,9.9537,0
491,10.9828,0
492,14.9878,0
493,7.445,0
494,21.4729,0
495,3.9222,0
496,3.1849,0
497,0.0,0
498,0.0,0
499,0.0,0
500,12.0381,0
501,0.0,0
502,10.7828,0
503,11.8826,0
504,28.6703,3
505,26.915,2
506,10.8181,6
507,30.7902,21
508,27.1172,1
509,22.9907,0
510,39.1214,0
511,58.6157,0
512,35.416,0
513,11.5795,37
514,14.4693,16
515,10.0961,2
516,19.0069,6
517,14.079,0
518,15.1489,0
519,16.0035,0
520,9.4235,0
521,22.1231,0
522,13.9748,4
523,32.0187,12
524,15.1787,0
525,27.4935,0
526,12.8942,0
527,16.4,0
528,32.0108,19
529,5.4673,0
530,7.0783,0
531,7.7562,0
532,11.0287,0
533,16.37,0
534,7.046,0
535,7.4073,0
536,3.4343,0
537,12.7395,0
538,8.1221,0
539,13.2749,0
540,3.6492,0
541,13.6212,0
542,24.289,1
543,28.3962,1
544,24.1601,1
545,4.9334,0
546,17.2219,0
547,20.9724,0
548,16.2535,27
549,9.777,20
550,4.5151,3
551,11.2709,31
552,3.6341,0
553,3.1193,0
554,5.0555,0
555,3.5125,0
556,17.1041,0
557,22.0505,0
558,29.4767,0
559,14.495,0
560,9.928,0
561,25.0128,1
562,4.471,0
563,1.2094,0
564,0.0,0
565,0.0,0
566,0.0,0
567,12.0381,0
568,0.0,0
569,7.4684,0
570,15.5446,0
571,25.5775,0
572,9.1277,16
573,20.0315,20
574,25.9064,71
575,6.3934,4
576,9.7858,0
577,37.6248,1
578,49.2006,0
579,43.9836,1
580,16.731,149
581,3.8033,75
582,36.8169,0
583,23.836,6
584,11.8587,19
585,9.3643,47
586,16.8463,4
587,41.4235,20
588,51.5554,10
589,25.669,3
590,24.2467,1
591,41.3436,1
592,27.8072,0
593,10.9743,0
594,11.6666,0
595,17.1151,0
596,12.5591,34
597,7.919,7
598,11.1773,3
599,6.6225,3
600,6.3052,0
601,3.0644,0
602,5.4975,0
603,12.2723,0
604,17.8504,0
605,12.1356,0
606,13.4107,0
607,11.5517,0
608,3.2575,0
609,9.9411,0
610,43.9767,0
611,30.5095,0
612,10.8522,0
613,15.5573,0
614,13.5342,0
615,17.4924,19
616,2.0211,17
617,4.8307,31
618,4.7341,2
619,9.9636,0
620,8.1269,0
621,16.4016,0
622,4.9305,0
623,7.0749,0
624,9.6359,7
625,10.325,9
626,2.3597,620
627,17.1038,1
628,14.8275,0
629,12.1383,0
630,5.4358,0
631,0.0,0
632,0.0,0
633,0.0,0
634,12.0381,0
635,12.0381,3
636,18.8179,0
637,14.32,14
638,37.6388,62
639,14.133,21
640,42.1132,2
641,22.3163,38
642,10.5068,71
643,17.6654,27
644,23.936,0
645,36.9299,1
646,16.5008,59
647,30.6554,271
648,30.9201,64
649,24.2998,15
650,26.7454,4
651,28.082,64
652,20.4917,100
653,18.9841,17
654,13.7096,13
655,28.5261,11
656,14.0146,0
657,32.1175,0
658,40.292,0
659,15.1765,0
660,9.6156,0
661,14.0194,0
662,9.5436,0
663,17.7898,96
664,18.5581,171
665,15.0505,33
666,4.1201,0
667,2.1077,0
668,5.8314,0
669,11.7264,0
670,9.9386,0
671,12.4999,0
672,12.3426,1
673,8.1627,0
674,2.1994,0
675,3.2575,0
676,11.7861,0
677,8.2393,0
678,34.2063,1
679,23.4377,6
680,24.8843,3
681,6.2477,8
682,16.3439,57
683,17.4676,42
684,10.6146,10
685,16.7878,0
686,7.2388,0
687,8.5833,0
688,2.2578,0
689,21.4363,0
690,8.1266,0
691,10.4885,0
692,16.3791,2
693,31.9042,0
694,35.5984,0
695,15.6725,0
696,9.3874,0
697,2.5775,0
698,3.8871,0
699,0.0,0
700,0.0,1
701,0.0,0
702,21.7264,41
703,21.7476,3
704,21.5549,25
705,32.9702,0
706,10.064,3
707,14.8021,7
708,25.6153,0
709,20.5006,69
710,14.4174,171
711,20.8015,0
712,15.9797,1
713,26.3672,13
714,40.4844,466
715,32.6847,18
716,20.4229,25
717,22.9513,15
718,17.6933,29
719,22.6841,131
720,38.119,11
721,40.3841,2
722,14.7895,0
723,12.9001,3
724,4.1571,0
725,5.7583,0
726,10.4442,1
727,11.0538,0
728,16.0149,0
729,12.5176,0
730,29.359,59
731,16.8567,53
732,10.3218,35
733,9.2206,0
734,3.1422,0
735,7.6931,0
736,7.5987,1
737,5.06,0
738,10.799,2
739,18.6907,0
740,14.4938,0
741,5.8402,0
742,0.0,0
743,1.745,0
744,7.5578,5
745,27.7584,0
746,43.1025,0
747,22.8411,9
748,15.5139,10
749,26.0729,55
750,16.1521,27
751,5.4371,6
752,8.1446,0
753,4.3731,0
754,11.5008,0
755,7.7392,0
756,9.0277,0
757,4.848,0
758,16.381,0
759,30.3192,0
760,25.0169,10
761,14.2943,0
762,18.7787,3
763,8.9564,0
764,11.8514,0
765,13.3757,0
766,2.2329,0
767,10.1227,16
768,20.0848,11
769,13.0502,2
770,20.6551,7
771,13.1213,2
772,21.908,0
773,16.3083,0
774,13.1587,1
775,11.7223,0
776,19.832,56
777,16.8636,99
778,35.0655,186
779,23.0963,85
780,30.069,74
781,25.5125,34
782,30.2702,14
783,14.4687,29
784,14.6736,0
785,10.6831,1
786,19.0558,0
787,40.4839,145
788,38.8333,12
789,4.1597,0
790,15.6117,3
791,19.4933,0
792,14.285,0
793,15.1561,0
794,4.585,0
795,15.8568,0
796,14.132,0
797,6.8625,0
798,12.08,1
799,9.6207,0
800,10.1853,0
801,13.0166,0
802,2.6469,0
803,9.5457,0
804,0.0,0
805,10.1336,0
806,8.1613,0
807,3.5043,0
808,5.8402,0
809,0.0,0
810,3.2507,0
811,12.777,0
812,28.2597,0
813,34.2565,0
814,33.1638,0
815,37.9273,7
816,17.4584,2
817,6.9178,38
818,12.7164,9
819,7.3341,0
820,3.7747,0
821,22.4814,1
822,4.993,8
823,8.2718,0
824,18.3066,5
825,28.3149,15
826,16.8354,56
827,13.1928,56
828,10.5999,11
829,12.5246,0
830,5.0735,0
831,14.2158,0
832,9.6506,0
833,7.6406,0
834,16.8006,2
835,25.4941,9
836,34.0061,0
837,11.1636,0
838,7.2075,0
839,9.6386,2
840,12.4569,1
841,12.2364,0
842,13.2021,5
843,13.6457,8
844,21.4749,108
845,31.5014,64
846,21.5597,240
847,26.2697,168
848,20.313,159
849,16.0629,112
850,6.4043,1
851,14.4868,0
852,19.9783,1
853,40.1522,29
854,37.0651,92
855,11.4944,50
856,10.4732,1
857,16.6203,21
858,17.4841,225
859,19.8766,0
860,10.7314,0
861,15.0185,11
862,15.7683,0
863,21.3636,0
864,16.3581,0
865,14.0935,0
866,9.5836,0
867,8.5507,0
868,9.9327,0
869,9.2703,0
870,4.2276,0
871,2.1131,0
872,3.9435,0
873,7.907,0
874,3.2733,0
875,0.0,0
876,0.0,0
877,7.4073,0
878,4.3189,0
879,9.0436,0
880,12.8619,0
881,15.2336,0
882,28.485,1
883,45.5651,10
884,14.0013,0
885,9.3616,0
886,9.1228,0
887,8.4481,0
888,19.8686,108
889,8.4446,6
890,8.8334,4
891,17.6545,59
892,22.9107,186
893,14.6728,59
894,16.2651,225
895,20.8622,120
896,6.9541,0
897,0.0,0
898,7.0282,0
899,45.571,1
900,16.7819,0
901,13.4196,1
902,18.2858,2
903,16.5328,0
904,13.9074,5
905,12.9985,0
906,19.102,4
907,15.8789,4
908,21.7219,0
909,31.4021,37
910,19.87,213
911,23.086,165
912,28.1194,415
913,27.7589,252
914,21.0932,205
915,6.3709,103
916,21.0311,118
917,13.9676,113
918,2.027,0
919,11.477,0
920,11.9958,2
921,7.4026,1
922,11.924,32
923,20.2077,18
924,14.8679,5
925,23.1168,54
926,33.0469,0
927,22.9644,0
928,15.8421,2
929,14.0277,0
930,14.9772,0
931,25.2675,0
932,15.0679,3
933,16.9236,11
934,7.9691,0
935,15.0099,0
936,18.6456,0
937,1.3876,0
938,7.6094,0
939,7.1472,1
940,9.142,0
941,3.3486,0
942,8.1831,0
943,4.1645,0
944,24.8263,0
945,34.5963,0
946,9.8761,0
947,12.3139,0
948,3.556,0
949,5.7763,1
950,24.2234,4
951,17.7796,0
952,25.4743,0
953,10.6882,0
954,14.2946,0
955,9.8278,93
956,5.4775,2
957,10.0721,2
958,28.0622,124
959,11.8597,65
960,13.8876,130
961,11.047,181
962,10.9156,102
963,8.1563,0
964,3.3464,0
965,5.5222,0
966,39.059,0
967,35.6454,2
968,14.0322,0
969,6.3229,1
970,20.993,6
971,17.7607,8
972,29.7159,8
973,27.1705,1
974,21.6144,1
975,21.8761,32
976,19.7659,111
977,23.7759,464
978,20.684,294
979,21.4259,630
980,32.2013,292
981,32.8476,31
982,19.6975,54
983,7.4075,45
984,6.9296,59
985,5.8553,0
986,15.671,0
987,16.3694,0
988,13.0665,0
989,8.5796,2
990,16.3945,211
991,10.9615,92
992,5.042,0
993,25.7549,5
994,10.1305,0
995,9.7927,0
996,4.6287,0
997,17.6739,0
998,11.7514,0
999,10.8249,0
1000,37.5602,0
1001,22.7341,0
1002,15.2172,0
1003,7.1801,3
1004,5.9857,4
1005,4.1529,0
1006,5.0336,0
1007,6.1325,0
1008,9.9827,0
1009,7.1966,1
1010,2.4228,0
1011,38.4254,0
1012,21.949,0
1013,5.6781,0
1014,9.1844,0
1015,13.1406,0
1016,9.6675,2
1017,44.2551,2
1018,38.2168,6
1019,4.8001,0
1020,8.6553,0
1021,10.9772,0
1022,11.7806,9
1023,18.0887,23
1024,20.4379,72
1025,26.813,217
1026,13.4818,112
1027,33.0041,49
1028,39.6895,295
1029,10.57,34
1030,7.6144,0
1031,5.9019,1
1032,4.8438,4
1033,11.2526,0
1034,2.463,6
1035,40.2208,0
1036,19.3051,22
1037,23.1653,8
1038,15.8909,6
1039,41.948,57
1040,23.2239,62
1041,24.7776,5
1042,33.1829,51
1043,34.194,307
1044,17.1383,460
1045,13.6637,175
1046,28.9913,305
1047,18.6858,138
1048,34.1598,32
1049,20.145,25
1050,11.8497,3
1051,8.7052,114
1052,16.6954,241
1053,10.0328,1
1054,12.439,1
1055,2.5531,0
1056,7.4428,0
1057,12.3321,12
1058,19.8927,98
1059,5.5409,1
1060,13.2814,9
1061,16.1224,0
1062,21.9271,0
1063,8.9159,0
1064,18.8552,0
1065,19.9626,0
1066,14.4198,0
1067,14.9915,0
1068,27.9589,2
1069,19.2318,0
1070,7.4843,0
1071,3.8402,0
1072,0.0,0
1073,0.0,0
1074,0.0,0
1075,9.8988,0
1076,6.4094,0
1077,5.4912,1
1078,14.9992,0
1079,7.2918,0
1080,2.5552,0
1081,9.852,2
1082,2.0547,0
1083,6.6431,0
1084,10.0963,0
1085,32.3332,5
1086,9.3998,5
1087,8.2325,0
1088,25.1406,0
1089,10.7084,54
1090,15.7144,55
1091,15.1262,26
1092,20.9871,149
1093,14.3283,77
1094,8.4113,29
1095,32.4623,464
1096,13.3777,177
1097,0.8266,27
1098,2.2267,21
1099,23.9101,20
1100,36.8906,26
1101,26.6115,0
1102,39.0367,64
1103,60.9657,1055
1104,51.284,10
1105,34.7428,3
1106,23.9085,27
1107,30.1349,0
1108,37.8181,4
1109,25.891,29
1110,37.6191,353
1111,25.1685,775
1112,36.3349,328
1113,46.1366,512
1114,33.9965,175
1115,12.5065,90
1116,16.5582,10
1117,8.0418,1
1118,4.725,80
1119,16.2732,97
1120,11.4405,266
1121,12.5844,0
1122,10.1134,0
1123,15.9289,73
1124,7.0981,23
1125,7.4751,71
1126,1.4442,1
1127,9.3768,65
1128,21.7686,44
1129,19.3366,0
1130,20.4596,1
1131,16.8835,0
1132,13.9492,0
1133,10.3327,0
1134,12.3758,0
1135,11.1241,0
1136,8.7629,0
1137,6.9564,0
1138,0.8018,0
1139,0.0,0
1140,0.0,0
1141,1.8681,0
1142,8.0342,0
1143,8.5197,0
1144,6.4616,0
1145,8.8956,0
1146,14.9392,0
1147,6.2601,0
1148,18.5263,0
1149,6.6219,0
1150,7.7302,0
1151,8.818,0
1152,47.3899,3
1153,30.073,12
1154,2.7274,14
1155,22.0296,3
1156,23.1206,146
1157,16.3543,140
1158,23.5435,132
1159,5.6656,13
1160,1.5949,7
1161,0.0,0
1162,15.4009,128
1163,23.1631,16
1164,28.253,75
1165,19.4376,166
1166,53.074,78
1167,46.5334,82
1168,56.6133,126
1169,53.2987,165
1170,47.1011,214
1171,44.0753,434
1172,41.8854,166
1173,36.6072,174
1174,33.7871,9
1175,8.5325,0
1176,18.7998,13
1177,44.0563,60
1178,62.4814,531
1179,56.5798,369
1180,41.7408,672
1181,43.9377,40
1182,16.4126,153
1183,21.1665,105
1184,19.1316,9
1185,15.2391,0
1186,23.576,33
1187,9.884,76
1188,6.1067,0
1189,11.8332,92
1190,18.0241,188
1191,9.9982,153
1192,24.544,478
1193,23.1603,536
1194,12.2068,926
1195,18.2885,287
1196,25.2311,1
1197,14.7892,0
1198,8.5771,0
1199,10.3755,0
1200,9.1953,0
1201,12.9117,0
1202,17.1315,0
1203,14.0898,0
1204,0.0,0
1205,0.8325,0
1206,0.0,0
1207,0.0,0
1208,3.6073,0
1209,17.212,0
1210,8.2413,0
1211,5.0213,0
1212,13.7766,0
1213,8.6685,0
1214,14.9774,1
1215,11.8491,0
1216,8.0273,0
1217,0.0,0
1218,8.3586,0
1219,26.3375,8
1220,42.6375,6
1221,30.117,32
1222,21.5879,6
1223,23.0344,251
1224,15.4955,36
1225,30.3123,246
1226,11.604,47
1227,0.0,0
1228,7.9025,0
1229,43.3498,175
1230,43.5976,82
1231,36.92,52
1232,37.6591,429
1233,32.4559,188
1234,49.9269,193
1235,47.5255,486
1236,53.4113,381
1237,48.2308,1107
1238,26.2618,531
1239,24.2246,468
1240,22.9979,196
1241,46.3726,365
1242,41.0921,252
1243,32.4409,136
1244,34.7878,94
1245,61.5384,362
1246,17.5595,109
1247,34.1198,218
1248,22.452,36
1249,14.201,22
1250,26.3524,202
1251,23.2683,9
1252,18.9948,0
1253,13.6121,41
1254,4.9269,42
1255,6.3603,12
1256,14.2655,18
1257,7.387,134
1258,11.1737,255
1259,3.0098,31
1260,5.8811,389
1261,9.0159,574
1262,18.992,323
1263,18.5388,38
1264,10.2703,0
1265,2.3233,0
1266,11.9691,0
1267,17.9487,0
1268,23.2746,0
1269,18.1998,0
1270,11.5459,0
1271,4.3037,0
1272,7.6845,0
1273,0.0,0
1274,6.929,0
1275,8.7608,0
1276,5.1535,0
1277,13.7933,0
1278,4.1497,0
1279,9.9814,0
1280,15.0452,0
1281,20.713,0
1282,9.9181,0
1283,4.59,0
1284,7.5407,0
1285,7.0635,0
1286,19.9515,0
1287,31.2314,0
1288,46.2163,21
1289,44.5704,102
1290,48.1204,287
1291,31.5187,176
1292,38.284,240
1293,35.1256,247
1294,27.1639,33
1295,35.4288,98
1296,61.2299,282
1297,30.7763,112
1298,40.1962,100
1299,55.942,107
1300,36.0113,166
1301,50.4067,149
1302,43.051,236
1303,48.2475,663
1304,38.8238,1191
1305,14.2913,356
1306,40.9981,929
1307,39.4934,633
1308,39.516,719
1309,23.127,517
1310,40.0397,443
1311,55.3788,266
1312,71.3756,530
1313,29.0791,129
1314,51.719,762
1315,12.1162,145
1316,7.0002,33
1317,9.6065,153
1318,7.6694,0
1319,12.2843,2
1320,11.2751,31
1321,9.3509,50
1322,9.9352,63
1323,24.0961,102
1324,12.4399,185
1325,13.6237,124
1326,20.4005,102
1327,11.4401,126
1328,36.0362,57
1329,16.3757,410
1330,21.5595,326
1331,13.9264,0
1332,9.2612,0
1333,7.3355,0
1334,12.1181,0
1335,9.3222,0
1336,11.7023,0
1337,14.2952,0
1338,11.7938,0
1339,2.5099,0
1340,0.0,0
1341,3.3217,0
1342,8.4752,0
1343,0.0,0
1344,6.0329,0
1345,8.1264,0
1346,15.9613,0
1347,33.6611,0
1348,32.6681,0
1349,22.7627,0
1350,3.394,0
1351,8.3746,0
1352,4.291,0
1353,23.4652,0
1354,13.9507,36
1355,22.0695,261
1356,39.3099,97
1357,25.8567,190
1358,8.8124,148
1359,19.1534,72
1360,28.6159,227
1361,48.4739,140
1362,52.7161,82
1363,52.533,133
1364,12.4477,49
1365,5.3565,43
1366,47.0346,372
1367,35.6131,431
1368,43.7596,652
1369,45.3898,718
1370,58.7088,1039
1371,57.2242,1856
1372,37.7701,1072
1373,48.4041,1342
1374,49.8582,870
1375,56.3485,885
1376,53.574,622
1377,63.3377,343
1378,66.2073,674
1379,48.0269,499
1380,6.4658,46
1381,38.4105,717
1382,11.9456,170
1383,7.5485,88
1384,12.9947,113
1385,10.9458,34
1386,21.1483,36
1387,13.022,12
1388,27.7489,76
1389,24.7031,90
1390,28.3298,102
1391,13.1838,61
1392,15.9937,216
1393,21.441,216
1394,20.7238,73
1395,28.1408,30
1396,25.1512,252
1397,17.5614,8
1398,30.2999,0
1399,8.0672,0
1400,14.2106,0
1401,10.718,23
1402,12.8847,0
1403,8.534,0
1404,16.8885,14
1405,16.7213,3
1406,6.3262,0
1407,0.0,0
1408,0.0,0
1409,13.0084,0
1410,1.7835,0
1411,7.8163,0
1412,0.0,0
1413,8.2649,0
1414,22.3554,3
1415,44.5176,2
1416,33.0429,0
1417,10.2123,0
1418,22.7887,0
1419,20.4294,0
1420,25.493,0
1421,16.1279,81
1422,21.1996,141
1423,48.4753,66
1424,49.5545,599
1425,30.5845,80
1426,23.1298,262
1427,33.9507,180
1428,34.3525,152
1429,1.3073,0
1430,35.6128,130
1431,44.9059,233
1432,30.3588,135
1433,46.9247,466
1434,43.4095,535
1435,55.3918,1544
1436,41.4022,836
1437,52.6005,1402
1438,48.1229,1320
1439,39.0178,1324
1440,32.5105,774
1441,53.9609,1141
1442,49.5201,552
1443,65.0158,114
1444,66.7852,411
1445,36.1337,194
1446,38.0528,311
1447,16.8592,335
1448,16.2291,145
1449,21.8664,400
1450,13.0433,140
1451,6.7438,123
1452,17.5105,204
1453,28.3949,110
1454,16.8105,49
1455,19.4658,11
1456,8.4756,39
1457,6.3301,66
1458,5.229,15
1459,11.7154,13
1460,13.9637,1
1461,12.8348,3
1462,7.8888,19
1463,13.1124,4
1464,19.4246,117
1465,14.5087,4
1466,9.505,2
1467,22.8858,31
1468,14.2166,6
1469,12.8705,2
1470,10.049,1
1471,20.5231,0
1472,10.2975,0
1473,3.9907,0
1474,0.0,0
1475,0.0,0
1476,3.6006,0
1477,0.0,0
1478,18.2081,0
1479,3.8054,0
1480,11.2164,0
1481,27.2768,16
1482,39.6686,3
1483,38.7918,0
1484,9.554,0
1485,18.585,0
1486,16.3248,1
1487,24.8918,0
1488,29.8813,75
1489,45.4348,142
1490,37.078,33
1491,51.1287,110
1492,61.9957,354
1493,25.0031,153
1494,34.7595,400
1495,23.3842,156
1496,13.359,146
1497,34.2756,755
1498,53.0056,771
1499,47.7956,368
1500,35.0898,825
1501,49.0731,1500
1502,63.7403,2775
1503,76.4182,3474
1504,51.4986,1706
1505,49.5083,1719
1506,49.775,1626
1507,37.0311,1317
1508,30.1906,985
1509,42.7008,890
1510,66.7518,1087
1511,80.5411,1597
1512,39.8574,1086
1513,19.5812,230
1514,17.1373,181
1515,14.8348,901
1516,24.8389,883
1517,25.7904,378
1518,12.5682,411
1519,13.3701,245
1520,14.5899,84
1521,23.5489,117
1522,11.8454,2
1523,11.8072,24
1524,9.0298,20
1525,8.6999,10
1526,5.0717,29
1527,4.682,2
1528,12.2842,35
1529,22.5775,15
1530,15.2258,10
1531,7.366,2
1532,9.5338,0
1533,18.1529,4
1534,0.0,0
1535,4.5015,0
1536,13.9835,1
1537,8.3945,2
1538,13.0806,8
1539,10.7318,2
1540,4.6196,0
1541,0.0,0
1542,0.1221,1
1543,0.8484,1
1544,0.0,0
1545,6.457,0
1546,7.7596,0
1547,12.0649,0
1548,22.4792,0
1549,30.156,0
1550,29.7373,0
1551,22.6274,0
1552,18.6015,0
1553,22.0384,11
1554,31.9919,0
1555,18.0475,1
1556,37.8491,3
1557,49.7266,12
1558,51.1056,48
1559,36.4786,63
1560,42.3556,779
1561,40.5043,974
1562,29.4278,365
1563,28.3669,454
1564,45.4701,904
1565,54.8999,1362
1566,47.8966,541
1567,51.7733,1492
1568,67.0573,2729
1569,61.9473,2780
1570,59.1268,2924
1571,61.6805,2805
1572,48.257,2034
1573,56.0282,2383
1574,55.9113,2006
1575,64.3797,3462
1576,35.1932,1259
1577,69.4793,1607
1578,52.4196,1759
1579,58.4408,2214
1580,16.6745,572
1581,7.8828,334
1582,13.9203,503
1583,17.9439,776
1584,22.1218,336
1585,36.3283,1281
1586,11.106,140
1587,22.8373,40
1588,12.0846,63
1589,17.1724,138
1590,8.5476,3
1591,20.2272,19
1592,12.0356,86
1593,23.7531,45
1594,13.107,75
1595,11.5149,37
1596,16.8062,1
1597,27.7989,2
1598,7.1965,0
1599,10.5864,0
1600,18.2703,0
1601,9.2677,0
1602,10.378,0
1603,14.7779,0
1604,25.1755,0
1605,16.025,11
1606,3.1254,0
1607,0.0,0
1608,0.0,0
1609,3.1918,0
1610,8.5595,0
1611,5.0705,0
1612,6.457,0
1613,0.0,0
1614,5.7895,0
1615,28.0058,0
1616,36.1233,0
1617,34.6516,0
1618,30.5386,0
1619,14.5316,0
1620,22.3597,0
1621,11.6656,0
1622,3.0822,6
1623,29.4957,4
1624,60.4645,34
1625,45.6931,275
1626,32.1376,18
1627,44.2753,546
1628,57.506,1170
1629,27.2207,277
1630,27.3725,493
1631,52.7129,1643
1632,54.3614,1658
1633,47.1573,586
1634,51.7095,1710
1635,72.3823,4366
1636,63.9823,2967
1637,60.6962,2324
1638,49.5069,1767
1639,61.307,1793
1640,65.1009,2379
1641,66.9816,3043
1642,72.5285,3286
1643,62.7439,1632
1644,42.6042,932
1645,50.4622,2466
1646,46.8969,1627
1647,22.6229,704
1648,19.0546,390
1649,23.3395,523
1650,5.7871,96
1651,9.1254,1201
1652,4.9962,205
1653,2.3229,9
1654,11.6184,151
1655,7.7681,182
1656,21.5232,482
1657,6.412,28
1658,21.2848,57
1659,13.4597,62
1660,6.4639,11
1661,9.9517,2
1662,6.6749,4
1663,30.668,20
1664,17.2596,18
1665,5.9237,3
1666,12.2676,0
1667,8.462,0
1668,2.8136,0
1669,13.6749,0
1670,16.0055,28
1671,7.3149,0
1672,12.3959,0
1673,7.7442,0
1674,0.0,0
1675,0.0,0
1676,4.0767,0
1677,2.7669,0
1678,4.7926,0
1679,13.0922,0
1680,0.0,0
1681,7.8315,0
1682,15.8413,0
1683,36.0078,0
1684,24.7224,0
1685,9.7452,0
1686,9.0862,0
1687,8.188,0
1688,10.8805,1
1689,9.0352,0
1690,2.2747,0
1691,27.0947,3
1692,48.1878,134
1693,49.0514,368
1694,46.6317,242
1695,47.2521,718
1696,57.1656,814
1697,24.2546,469
1698,41.1301,1298
1699,42.8839,1289
1700,45.4726,600
1701,63.81,2363
1702,64.4937,2339
1703,72.3108,2195
1704,67.819,2004
1705,59.906,2044
1706,46.6224,1773
1707,59.0216,2635
1708,37.2416,1210
1709,50.7824,2798
1710,25.7418,824
1711,41.186,1617
1712,32.5187,1026
1713,0.0,11
1714,0.0,2
1715,5.9669,107
1716,33.6324,1277
1717,18.2328,322
1718,19.3029,804
1719,18.6755,324
1720,17.4522,337
1721,8.9237,57
1722,12.6115,104
1723,19.5774,382
1724,15.2347,238
1725,14.7953,89
1726,25.202,77
1727,17.4998,103
1728,12.033,33
1729,7.0353,0
1730,17.2746,9
1731,3.7908,0
1732,5.4115,0
1733,9.6651,0
1734,6.172,0
1735,5.8316,0
1736,10.156,0
1737,8.0755,0
1738,5.4058,0
1739,15.0492,0
1740,14.645,1
1741,6.5863,59
1742,0.0,0
1743,6.4911,0
1744,0.0,0
1745,0.0,0
1746,3.6666,1
1747,1.2026,0
1748,10.7284,0
1749,19.67,0
1750,32.8185,0
1751,20.2735,0
1752,13.5475,0
1753,22.6523,0
1754,7.3921,0
1755,17.4731,4
1756,26.456,0
1757,30.4042,0
1758,29.8895,2
1759,43.6242,54
1760,70.5278,599
1761,63.5192,782
1762,64.5759,691
1763,59.4917,1235
1764,17.6179,175
1765,9.9639,90
1766,24.2954,617
1767,46.634,550
1768,59.8053,2018
1769,69.9529,3288
1770,75.5598,3094
1771,58.1848,1790
1772,53.3236,1507
1773,46.3214,1738
1774,18.5682,785
1775,26.9386,1327
1776,26.9521,1379
1777,53.5739,2450
1778,57.9123,2453
1779,8.8505,376
1780,0.0,31
1781,1.5391,95
1782,0.0,11
1783,3.2375,15
1784,9.2463,147
1785,15.0913,270
1786,30.151,742
1787,20.5132,197
1788,12.4552,122
1789,16.8134,459
1790,17.6991,287
1791,49.5138,1683
1792,24.9274,617
1793,38.9086,131
1794,12.7637,0
1795,25.274,49
1796,15.1622,1
1797,12.9826,0
1798,4.4806,0
1799,11.2901,0
1800,8.4794,0
1801,9.9479,3
1802,7.7318,2
1803,8.1863,0
1804,11.3173,3
1805,12.8607,6
1806,6.5222,1
1807,10.6855,4
1808,3.7179,0
1809,3.3943,0
1810,10.5111,0
1811,8.7503,2
1812,7.6531,0
1813,11.9217,0
1814,0.0,0
1815,5.468,0
1816,2.3112,0
1817,9.6819,0
1818,44.9385,0
1819,44.065,0
1820,28.1915,0
1821,34.2045,0
1822,14.5695,0
1823,20.2797,0
1824,41.2065,0
1825,47.0868,0
1826,22.1902,45
1827,64.0511,740
1828,52.607,515
1829,58.6622,807
1830,67.8575,1417
1831,17.2299,127
1832,4.8346,31
1833,53.7632,1301
1834,49.8751,1195
1835,51.7758,751
1836,65.8099,713
1837,65.4562,1719
1838,51.8078,2446
1839,49.706,1520
1840,24.705,550
1841,45.6907,1556
1842,49.5058,2987
1843,36.9603,2021
1844,54.3686,1199
1845,34.8708,1505
1846,6.1215,22
1847,14.6973,221
1848,10.5041,180
1849,4.335,94
1850,10.3116,226
1851,21.6372,493
1852,6.9519,377
1853,32.7462,798
1854,50.8506,1866
1855,21.8319,418
1856,6.7805,71
1857,5.5761,90
1858,13.9169,383
1859,22.1007,368
1860,15.4992,22
1861,16.1895,196
1862,18.7655,15
1863,4.5654,0
1864,4.1427,1
1865,10.2815,28
1866,2.7962,4
1867,18.0866,0
1868,16.044,0
1869,4.9704,4
1870,16.3697,12
1871,7.6749,7
1872,4.7966,0
1873,4.9444,0
1874,0.4999,0
1875,0.0,0
1876,9.5534,1
1877,10.0211,0
1878,9.579,0
1879,12.4748,0
1880,11.7073,0
1881,10.0541,0
1882,11.8298,0
1883,0.0,0
1884,9.5113,0
1885,23.7237,0
1886,16.0844,0
1887,26.7172,0
1888,6.1623,0
1889,11.9938,2
1890,5.1093,1
1891,32.2894,1
1892,30.874,1
1893,34.0219,15
1894,66.2166,659
1895,71.1312,431
1896,50.3091,551
1897,67.8454,1159
1898,41.3847,602
1899,41.0854,1125
1900,72.0764,1745
1901,71.6674,2504
1902,71.8064,2100
1903,52.1925,675
1904,55.5902,906
1905,56.2567,2578
1906,44.8128,970
1907,46.9225,1670
1908,44.1713,1693
1909,37.0595,1743
1910,27.8304,1482
1911,55.6325,2240
1912,3.91,260
1913,33.9921,1339
1914,18.691,653
1915,47.4617,2106
1916,20.1502,692
1917,3.8537,196
1918,28.0054,91
1919,39.2063,641
1920,56.3056,1996
1921,32.4783,1359
1922,35.2513,1735
1923,22.6117,603
1924,21.1996,1036
1925,14.331,451
1926,9.6402,157
1927,9.8007,5
1928,18.9312,0
1929,13.8199,0
1930,14.0656,0
1931,11.9274,0
1932,18.9236,140
1933,12.4208,103
1934,15.0796,1
1935,0.9453,0
1936,4.1408,7
1937,7.0831,27
1938,2.6186,6
1939,6.511,0
1940,7.2858,0
1941,0.6325,0
1942,5.1353,0
1943,2.9378,0
1944,7.9022,0
1945,9.3655,0
1946,6.832,0
1947,8.298,4
1948,5.2082,0
1949,10.4425,0
1950,4.8535,0
1951,14.0983,0
1952,20.82,1
1953,19.1175,3
1954,48.6371,2
1955,23.2295,1
1956,14.2894,0
1957,8.4673,1
1958,17.2229,26
1959,26.8743,6
1960,40.9334,366
1961,36.5158,55
1962,64.7137,1227
1963,53.5409,454
1964,43.0093,239
1965,58.7833,1701
1966,55.7709,1331
1967,71.3401,2292
1968,68.3877,2592
1969,69.8938,2707
1970,72.9893,1476
1971,62.8743,611
1972,53.8092,901
1973,56.1326,1120
1974,59.5858,1692
1975,36.9057,1921
1976,26.3555,866
1977,36.4052,1299
1978,15.2452,381
1979,17.7481,666
1980,48.8945,1993
1981,50.5729,2540
1982,38.0325,1719
1983,36.1062,1445
1984,47.9785,2590
1985,34.7623,1791
1986,30.1142,985
1987,34.0109,754
1988,32.5114,1338
1989,27.5286,1208
1990,4.8895,404
1991,21.1664,1016
1992,19.6334,857
1993,32.5852,1563
1994,29.7701,267
1995,14.8738,15
1996,5.524,0
1997,8.6183,0
1998,14.3571,4
1999,2.4455,5
2000,7.5356,12
2001,8.5519,2
2002,13.4186,0
2003,12.3486,177
2004,10.8985,36
2005,7.663,42
2006,14.8553,92
2007,3.5197,0
2008,13.098,0
2009,6.6335,9
2010,1.631,0
2011,5.054,0
2012,3.4079,0
2013,0.0,0
2014,3.2516,0
2015,0.0,0
2016,10.2462,0
2017,17.7521,2
2018,12.459,0
2019,6.4365,0
2020,2.7697,1
2021,30.8156,1
2022,25.4492,1
2023,34.3158,0
2024,32.623,8
2025,28.5736,101
2026,38.4125,1
2027,41.3588,129
2028,35.7892,494
2029,64.4055,473
2030,47.19,267
2031,60.6664,571
2032,66.496,1654
2033,71.8236,2066
2034,66.6497,1587
2035,75.5115,2335
2036,68.0299,2287
2037,70.2281,1714
2038,73.4137,1824
2039,34.1262,1045
2040,49.7953,1364
2041,23.2799,523
2042,10.9343,100
2043,20.3253,510
2044,17.7845,478
2045,31.5971,1092
2046,52.0742,2946
2047,57.105,2562
2048,42.4586,1874
2049,38.4374,1721
2050,28.0267,1146
2051,33.41,1719
2052,40.631,2068
2053,24.2851,1173
2054,29.2002,1161
2055,19.7321,417
2056,12.0139,163
2057,10.4395,179
2058,15.7308,562
2059,21.2894,563
2060,34.8255,2287
2061,19.6881,270
2062,25.0129,26
2063,7.6014,57
2064,16.8239,20
2065,14.0754,24
2066,6.1226,0
2067,19.6058,3
2068,20.6571,8
2069,10.5737,133
2070,7.2009,72
2071,9.9068,2
2072,9.0329,0
2073,7.363,11
2074,0.0,4
2075,4.7323,0
2076,4.7323,0
2077,4.2055,0
2078,7.4967,1
2079,7.9027,0
2080,7.8883,0
2081,7.9793,0
2082,8.5729,0
2083,8.6121,0
2084,10.3142,0
2085,7.4671,0
2086,9.1149,0
2087,7.4682,0
2088,14.3026,0
2089,15.9798,0
2090,26.2312,0
2091,30.9219,0
2092,36.7912,51
2093,45.6968,101
2094,37.4179,548
2095,60.8901,1060
2096,74.4733,1430
2097,60.238,1459
2098,18.8286,272
2099,43.2623,666
2100,56.4803,916
2101,38.5095,525
2102,74.7525,1033
2103,61.2828,1782
2104,66.4743,2347
2105,62.945,2531
2106,44.2436,826
2107,39.6814,748
2108,18.8396,446
2109,14.9092,309
2110,44.1705,1724
2111,42.1762,2665
2112,20.7219,606
2113,20.9682,963
2114,27.9685,962
2115,28.7335,1105
2116,18.2788,844
2117,22.2621,751
2118,31.6436,1323
2119,33.6289,1243
2120,20.1428,381
2121,9.3718,295
2122,21.1389,456
2123,15.493,431
2124,8.9034,132
2125,12.4192,344
2126,19.1061,639
2127,21.1926,934
2128,28.5522,464
2129,19.8971,107
2130,15.8685,12
2131,24.2899,2
2132,8.0794,2
2133,0.482,3
2134,15.659,47
2135,17.0976,133
2136,15.8121,100
2137,11.2146,10
2138,5.1474,0
2139,4.9667,0
2140,14.1367,9
2141,2.306,10
2142,3.3409,0
2143,8.0732,0
2144,3.3899,0
2145,9.6322,0
2146,8.7845,0
2147,6.5199,0
2148,1.0044,0
2149,5.09,0
2150,0.0,0
2151,5.3776,0
2152,1.0123,0
2153,5.2333,0
2154,23.8448,0
2155,23.4328,1
2156,11.9902,152
2157,28.7422,0
2158,26.4297,0
2159,38.1951,82
2160,57.8143,21
2161,31.1735,476
2162,47.9307,1246
2163,73.775,1040
2164,49.3996,1295
2165,54.0517,1937
2166,64.6814,1114
2167,46.634,220
2168,39.7831,895
2169,75.9275,2042
2170,72.3562,3209
2171,76.0436,3958
2172,63.6101,2342
2173,74.162,1447
2174,53.3222,1564
2175,26.7818,737
2176,33.7928,1177
2177,33.2977,1033
2178,46.6423,2273
2179,31.1257,1281
2180,20.5997,853
2181,14.6204,565
2182,22.318,734
2183,23.4161,733
2184,36.2299,1296
2185,69.1658,3748
2186,58.6897,2598
2187,41.3695,1669
2188,31.4261,913
2189,14.2156,209
2190,32.8092,793
2191,9.0307,95
2192,2.3175,62
2193,7.7696,264
2194,21.3265,402
2195,33.5863,914
2196,10.9303,288
2197,21.1417,45
2198,16.0167,76
2199,10.4362,4
2200,8.9824,11
2201,12.4713,8
2202,17.256,14
2203,8.5566,34
2204,9.0298,143
2205,7.7183,0
2206,6.2935,0
2207,5.2638,0
2208,6.6047,10
2209,10.4865,2
2210,0.0,0
2211,11.6444,0
2212,23.0464,0
2213,7.031,0
2214,17.4815,0
2215,1.2779,0
2216,4.3897,0
2217,0.0,0
2218,6.4996,0
2219,9.1413,0
2220,10.4265,0
2221,10.3621,0
2222,22.8282,0
2223,6.5707,0
2224,22.9293,0
2225,12.3331,0
2226,34.433,45
2227,36.4995,2
2228,24.8979,146
2229,30.1879,200
2230,65.3024,276
2231,63.1866,762
2232,60.004,1562
2233,71.7716,2442
2234,59.8454,623
2235,71.8493,705
2236,77.551,1811
2237,70.9606,2808
2238,63.2076,2800
2239,73.1483,3611
2240,50.0157,2033
2241,65.3871,2562
2242,37.7885,1269
2243,10.9733,270
2244,39.5354,1620
2245,48.7922,1624
2246,44.1898,1665
2247,45.8482,2154
2248,28.3483,1390
2249,5.1604,166
2250,21.588,925
2251,48.1326,1475
2252,51.1625,1744
2253,35.6926,800
2254,23.933,608
2255,43.2506,1507
2256,55.6634,1520
2257,24.0305,452
2258,23.2846,319
2259,23.4744,157
2260,10.8231,120
2261,36.8222,1009
2262,26.4803,763
2263,3.9143,12
2264,26.2756,8
2265,11.3865,46
2266,15.3328,0
2267,2.0637,0
2268,3.1078,4
2269,6.2152,51
2270,4.3978,50
2271,9.3517,39
2272,0.0,0
2273,1.1118,0
2274,6.1526,0
2275,17.0585,0
2276,9.1216,0
2277,6.7067,0
2278,3.2125,0
2279,6.346,0
2280,0.0,0
2281,5.6163,0
2282,2.5826,0
2283,8.1751,0
2284,0.0,0
2285,5.4921,0
2286,13.6377,0
2287,11.1601,0
2288,6.9687,1
2289,25.6728,0
2290,23.7203,1
2291,34.7026,4
2292,20.76,2
2293,29.5878,22
2294,22.3665,6
2295,23.1417,96
2296,33.6684,119
2297,54.9828,281
2298,50.3713,1360
2299,75.3821,2506
2300,63.5694,776
2301,60.7519,1229
2302,70.9029,542
2303,77.1515,322
2304,68.7749,1912
2305,58.3668,2553
2306,31.9281,1275
2307,24.8508,839
2308,36.3683,949
2309,24.5351,540
2310,31.4223,580
2311,35.8193,1913
2312,63.0981,2782
2313,74.9893,3372
2314,76.7809,3291
2315,79.5384,4898
2316,61.78,2741
2317,63.3636,2497
2318,46.5905,1558
2319,62.687,2471
2320,44.3716,745
2321,48.0448,184
2322,60.9437,2092
2323,52.2921,1948
2324,37.2632,949
2325,35.0132,265
2326,18.3116,294
2327,10.7654,18
2328,12.4399,587
2329,24.2431,592
2330,11.9306,55
2331,19.1763,5
2332,7.2484,0
2333,12.1934,0
2334,12.8814,0
2335,8.0173,0
2336,19.2817,168
2337,3.4508,10
2338,9.2662,138
2339,7.082,7
2340,4.9982,0
2341,12.2991,0
2342,5.7983,0
2343,15.7582,0
2344,0.0,0
2345,4.782,0
2346,14.8305,0
2347,4.6049,0
2348,4.7905,0
2349,8.8073,0
2350,12.1572,0
2351,5.4921,0
2352,5.4921,0
2353,6.6358,0
2354,14.703,1
2355,21.9106,0
2356,16.1102,198
2357,31.6057,107
2358,26.9466,2
2359,9.1771,0
2360,29.0636,0
2361,20.9341,0
2362,28.3311,164
2363,36.1464,299
2364,41.058,70
2365,44.3607,717
2366,50.4432,767
2367,32.9797,267
2368,35.6835,609
2369,58.2889,716
2370,57.2364,543
2371,60.9882,1740
2372,40.4145,1091
2373,47.3518,1720
2374,12.9706,641
2375,7.4332,323
2376,24.6377,613
2377,66.7132,2583
2378,37.1117,1411
2379,63.3181,1838
2380,78.5657,1259
2381,53.9269,1941
2382,56.428,2832
2383,64.4449,2455
2384,61.5892,2032
2385,53.9831,2073
2386,65.2148,2616
2387,66.5396,3408
2388,42.7888,1582
2389,37.4385,583
2390,46.1165,1430
2391,48.802,689
2392,18.7273,212
2393,9.965,38
2394,11.2358,101
2395,14.8434,200
2396,8.3589,552
2397,12.5759,169
2398,7.0718,1
2399,7.5774,1
2400,16.7199,17
2401,15.2642,4
2402,3.0435,2
2403,8.7208,0
2404,9.808,2
2405,4.6322,0
2406,8.6679,0
2407,5.2823,0
2408,4.8508,0
2409,8.1722,0
2410,5.8324,0
2411,0.0,0
2412,0.0,0
2413,2.7483,0
2414,2.8292,0
2415,6.6765,0
2416,3.8707,0
2417,8.7812,0
2418,3.3116,0
2419,12.993,0
2420,4.418,0
2421,12.6711,0
2422,10.4439,0
2423,11.1039,14
2424,24.491,31
2425,21.5893,0
2426,9.3122,0
2427,26.1579,0
2428,15.8367,0
2429,44.557,60
2430,36.7157,166
2431,52.3105,309
2432,30.6748,418
2433,62.3885,1224
2434,46.6225,1388
2435,27.652,800
2436,23.6913,194
2437,36.7352,92
2438,43.7842,286
2439,27.7396,612
2440,71.0221,2243
2441,25.4287,667
2442,47.6406,1551
2443,34.1504,1309
2444,64.8825,3615
2445,76.5539,4543
2446,61.8889,2985
2447,61.2247,2453
2448,65.2884,2196
2449,55.047,2111
2450,57.2957,2093
2451,47.4612,1933
2452,42.5232,1100
2453,46.2153,1127
2454,52.8791,1919
2455,59.3343,2190
2456,29.2976,901
2457,46.3575,610
2458,48.4426,434
2459,15.8262,28
2460,26.3655,223
2461,27.4905,7
2462,13.9577,64
2463,11.5955,398
2464,24.7075,106
2465,6.0585,0
2466,17.5949,0
2467,20.2715,18
2468,13.281,0
2469,8.5626,0
2470,10.7723,4
2471,9.1288,1
2472,5.2181,0
2473,9.2812,0
2474,12.1724,0
2475,6.8764,0
2476,8.4886,0
2477,7.7713,0
2478,5.8324,0
2479,0.0,0
2480,6.2286,0
2481,7.0062,0
2482,5.4092,0
2483,10.8726,0
2484,8.873,0
2485,7.2308,0
2486,5.0543,0
2487,4.0563,0
2488,8.6962,0
2489,11.7692,0
2490,9.7783,0
2491,27.4267,0
2492,20.4504,0
2493,20.2678,0
2494,18.2978,0
2495,12.4421,0
2496,25.4114,98
2497,20.6215,80
2498,57.8609,71
2499,49.2332,600
2500,63.8776,1700
2501,49.6669,1382
2502,47.4762,1076
2503,48.3165,473
2504,37.9604,119
2505,9.3706,73
2506,37.9953,1232
2507,57.8258,1830
2508,56.6759,1970
2509,61.5918,2586
2510,20.4205,707
2511,51.941,3022
2512,60.4087,3118
2513,56.9962,2394
2514,59.7659,2401
2515,55.8479,1571
2516,45.6857,1387
2517,46.3923,1384
2518,37.1618,1222
2519,44.5833,987
2520,44.137,759
2521,52.7587,1370
2522,53.1794,1075
2523,33.5934,409
2524,35.7003,294
2525,22.9307,184
2526,15.8302,61
2527,39.8973,114
2528,27.1567,14
2529,10.2511,67
2530,9.7043,11
2531,20.3378,0
2532,9.4753,3
2533,13.2385,0
2534,14.046,0
2535,14.7907,0
2536,7.2336,0
2537,7.0224,0
2538,5.1786,0
2539,5.1911,0
2540,2.3405,0
2541,6.5649,0
2542,5.28,0
2543,9.6715,0
2544,9.2248,7
2545,8.7218,1
2546,4.8896,0
2547,6.362,0
2548,3.758,0
2549,5.5527,0
2550,9.524,0
2551,15.6738,0
2552,8.1748,0
2553,9.3484,0
2554,10.4535,0
2555,15.5398,0
2556,16.4739,0
2557,7.3122,0
2558,12.9693,0
2559,22.2094,0
2560,30.9084,0
2561,39.0005,0
2562,17.7897,0
2563,39.3153,234
2564,31.9419,124
2565,39.515,149
2566,35.6508,905
2567,37.8056,584
2568,51.8597,1085
2569,80.6845,1343
2570,38.4968,1056
2571,18.097,174
2572,24.2025,58
2573,44.7016,481
2574,21.4124,239
2575,38.6353,1042
2576,63.0417,1914
2577,18.2535,342
2578,25.1651,205
2579,32.9386,888
2580,29.0488,753
2581,13.2293,287
2582,47.0158,400
2583,56.7769,361
2584,25.2254,374
2585,12.329,107
2586,11.0189,321
2587,15.4055,453
2588,18.8521,251
2589,14.6398,29
2590,11.6192,38
2591,14.2621,5
2592,16.5087,14
2593,16.6514,2
2594,28.4636,20
2595,28.2443,117
2596,29.0791,54
2597,21.0173,43
2598,13.7887,0
2599,13.7091,16
2600,16.1866,0
2601,11.5,0
2602,11.2904,0
2603,20.9985,0
2604,6.7006,1
2605,3.0092,0
2606,4.6884,0
2607,10.3698,16
2608,9.1808,3
2609,11.0243,2
2610,9.617,0
2611,9.5013,0
2612,0.0,0
2613,3.1233,0
2614,3.8846,1
2615,8.4386,0
2616,3.0137,0
2617,3.03,0
2618,7.0196,0
2619,14.5876,0
2620,3.7881,0
2621,6.2169,0
2622,14.9628,0
2623,19.6812,0
2624,18.9793,0
2625,8.287,0
2626,12.71,0
2627,28.6082,0
2628,30.0486,0
2629,28.9788,0
2630,38.0783,454
2631,43.3626,265
2632,39.8112,623
2633,41.9887,671
2634,58.8117,1322
2635,62.3949,325
2636,62.1618,150
2637,31.4728,842
2638,15.5701,83
2639,14.6222,81
2640,24.439,337
2641,19.7139,482
2642,19.0935,359
2643,44.9157,1118
2644,31.1491,1089
2645,37.7276,1090
2646,59.1533,2502
2647,50.7861,1578
2648,20.405,200
2649,53.3275,381
2650,33.8967,773
2651,38.1316,799
2652,41.7637,696
2653,16.2016,356
2654,27.989,474
2655,13.7719,133
2656,30.6325,14
2657,15.6163,15
2658,24.3827,12
2659,21.482,23
2660,19.0758,2
2661,20.5369,8
2662,7.3425,17
2663,17.2381,20
2664,21.5959,90
2665,12.0478,30
2666,16.9434,17
2667,14.5227,6
2668,12.3705,39
2669,12.2717,1
2670,14.6495,0
2671,5.5642,0
2672,7.3627,3
2673,8.9081,2
2674,5.3539,14
2675,6.8279,0
2676,7.7207,0
2677,6.9722,0
2678,4.5716,0
2679,2.4135,0
2680,6.5934,0
2681,6.4885,5
2682,15.1455,0
2683,9.497,0
2684,12.8737,0
2685,24.5308,0
2686,19.6807,6
2687,7.2116,2
2688,9.818,0
2689,15.4676,0
2690,14.7917,0
2691,22.9667,0
2692,10.0729,0
2693,33.1523,2
2694,25.2843,0
2695,30.116,16
2696,28.5155,48
2697,35.3939,265
2698,49.882,522
2699,23.3522,200
2700,40.1973,291
2701,56.7397,1424
2702,53.0394,1591
2703,52.4261,877
2704,32.5434,756
2705,42.3409,1240
2706,10.0178,62
2707,19.8697,198
2708,58.1117,2246
2709,26.4314,982
2710,54.6823,1575
2711,55.887,2070
2712,45.0061,1643
2713,48.3009,1099
2714,24.0561,419
2715,35.5726,711
2716,50.7992,831
2717,36.5932,837
2718,45.2016,650
2719,30.1545,332
2720,25.7963,265
2721,15.8252,375
2722,14.1632,45
2723,25.9135,194
2724,11.7589,26
2725,37.7783,21
2726,37.376,2
2727,17.0896,6
2728,9.6414,40
2729,10.8575,381
2730,11.0502,30
2731,16.0621,22
2732,13.3547,30
2733,30.2878,52
2734,46.0941,3
2735,36.7867,35
2736,25.2524,0
2737,19.5923,3
2738,8.9771,4
2739,5.8919,2
2740,9.0695,0
2741,9.0888,0
2742,8.0718,0
2743,8.7174,0
2744,8.1565,0
2745,4.4618,0
2746,5.779,0
2747,0.0,0
2748,0.0,0
2749,6.6015,0
2750,6.0155,0
2751,6.4201,0
2752,4.1294,0
2753,7.2524,4
2754,7.8816,5
2755,16.7536,0
2756,22.7514,3
2757,30.2267,0
2758,19.3977,0
2759,35.7094,0
2760,51.5044,3
2761,46.3702,1
2762,38.6822,12
2763,22.7165,28
2764,29.6086,471
2765,22.3263,164
2766,26.9068,187
2767,34.2032,231
2768,23.7458,330
2769,42.2576,636
2770,45.2105,762
2771,47.5889,933
2772,40.864,910
2773,46.4303,333
2774,4.4577,101
2775,44.1477,2011
2776,52.1175,2014
2777,24.3356,928
2778,20.4985,314
2779,25.875,231
2780,32.6371,783
2781,46.3854,451
2782,49.1997,596
2783,51.046,862
2784,38.3002,1091
2785,29.2838,240
2786,19.3413,174
2787,24.9188,179
2788,17.3412,32
2789,14.8353,53
2790,17.5934,21
2791,19.9703,22
2792,23.7366,6
2793,30.8135,9
2794,15.4865,46
2795,7.7449,236
2796,15.6328,0
2797,11.0801,8
2798,1.2081,0
2799,4.9281,1
2800,44.7765,22
2801,57.0399,4
2802,47.33,3
2803,37.156,5
2804,16.1906,1
2805,16.3082,2
2806,7.3164,1
2807,8.9237,0
2808,4.0691,0
2809,2.8695,0
2810,10.5092,1
2811,10.7706,1
2812,6.5613,0
2813,0.0,0
2814,0.0,0
2815,0.0,0
2816,4.5447,0
2817,3.987,0
2818,11.6234,0
2819,6.0712,0
2820,0.0,0
2821,17.5882,1
2822,17.0339,6
2823,25.5738,0
2824,25.3322,1
2825,32.2012,0
2826,43.655,1
2827,42.4799,1
2828,21.6475,0
2829,19.257,2
2830,25.5511,30
2831,16.9009,57
2832,13.9363,201
2833,18.6242,20
2834,22.0145,157
2835,51.0909,539
2836,39.5791,1
2837,31.7406,274
2838,50.4375,274
2839,34.65,22
2840,39.5554,331
2841,46.6526,794
2842,67.9081,2223
2843,22.1476,748
2844,0.0,85
2845,27.7035,657
2846,34.2076,463
2847,18.2695,320
2848,25.2474,100
2849,32.4548,225
2850,23.7205,152
2851,14.4548,156
2852,20.8918,393
2853,8.564,142
2854,22.9767,80
2855,15.8275,26
2856,20.5595,9
2857,31.7648,37
2858,14.8598,9
2859,30.1553,1
2860,20.3805,4
2861,11.0022,1
2862,36.3916,16
2863,12.6682,0
2864,17.2612,0
2865,0.0,0
2866,2.5559,0
2867,12.5936,1
2868,17.3833,0
2869,10.965,4
2870,11.8236,4
2871,15.8405,2
2872,15.9826,0
2873,0.0,0
2874,0.0,0
2875,12.1927,0
2876,7.6396,0
2877,7.6396,0
2878,6.698,0
2879,10.0957,0
2880,12.9479,0
2881,3.4315,0
2882,0.0,0
2883,11.3638,0
2884,8.8935,0
2885,10.3276,0
2886,3.4962,0
2887,8.8407,0
2888,6.785,0
2889,25.2571,3
2890,49.6334,3
2891,41.9709,8
2892,56.8832,4
2893,40.4338,23
2894,36.3622,0
2895,33.7098,1
2896,9.5842,9
2897,12.0783,82
2898,11.9759,1
2899,12.5427,12
2900,27.0739,87
2901,34.328,390
2902,29.569,249
2903,46.9517,0
2904,37.0332,0
2905,55.8742,6
2906,39.5129,9
2907,42.8546,314
2908,53.4429,1069
2909,49.6607,697
2910,5.123,68
2911,14.5773,674
2912,54.3472,1877
2913,28.932,279
2914,37.0549,607
2915,15.6561,123
2916,37.2053,241
2917,21.539,50
2918,22.2844,120
2919,9.5051,75
2920,20.8037,65
2921,11.2881,22
2922,12.3472,4
2923,20.8235,10
2924,26.8387,0
2925,9.7034,2
2926,21.5226,0
2927,21.0251,0
2928,6.3894,0
2929,26.843,3
2930,19.6172,5
2931,18.6324,34
2932,0.0776,0
2933,3.2698,9
2934,17.7274,7
2935,16.0054,0
2936,16.0408,4
2937,19.8513,5
2938,16.7045,2
2939,12.3709,0
2940,9.7939,0
2941,5.473,0
2942,12.6596,0
2943,3.7426,1
2944,14.318,0
2945,10.5755,0
2946,2.797,0
2947,5.7716,0
2948,4.7373,0
2949,10.307,0
2950,12.1954,0
2951,10.3247,1
2952,7.6009,0
2953,11.3115,0
2954,17.8976,0
2955,31.3004,0
2956,29.6108,0
2957,36.7428,9
2958,36.4197,13
2959,48.6244,0
2960,36.5888,0
2961,34.3892,0
2962,20.9838,0
2963,26.1567,20
2964,14.2984,6
2965,7.843,0
2966,13.3607,62
2967,20.4893,83
2968,32.4791,216
2969,22.5664,141
2970,26.1367,0
2971,60.5824,0
2972,59.8437,22
2973,39.5302,29
2974,52.2862,12
2975,52.3114,183
2976,36.8085,109
2977,54.312,2093
2978,59.8672,2098
2979,41.6825,984
2980,34.9938,1585
2981,31.4607,938
2982,25.5851,567
2983,39.286,440
2984,47.7868,371
2985,19.0021,92
2986,18.316,19
2987,14.3522,4
2988,29.1252,0
2989,0.0,2
2990,4.6994,0
2991,41.1958,0
2992,22.2844,7
2993,22.3077,1
2994,26.7226,0
2995,0.0,0
2996,2.0803,0
2997,8.4679,1
2998,8.9631,0
2999,0.0,0
3000,4.4838,1
3001,13.7774,0
3002,15.4859,0
3003,19.4329,0
3004,9.5947,6
3005,27.2008,1
3006,4.4241,0
3007,6.8458,0
3008,4.4738,0
3009,9.8971,1
3010,13.3971,1
3011,2.1198,0
3012,6.7189,0
3013,12.0527,0
3014,6.6646,0
3015,6.5523,0
3016,12.2477,1
3017,9.0483,0
3018,5.7059,35
3019,11.6253,18
3020,6.4274,16
3021,4.9419,0
3022,38.9161,0
3023,31.0055,9
3024,39.2056,0
3025,19.5824,0
3026,22.5444,0
3027,29.3514,0
3028,11.4902,0
3029,13.0678,0
3030,21.8794,26
3031,16.7869,27
3032,19.1227,195
3033,13.3386,99
3034,7.5793,73
3035,37.5708,160
3036,25.75,86
3037,24.2273,42
3038,27.7486,118
3039,51.0399,59
3040,35.594,9
3041,12.3706,26
3042,34.1102,108
3043,45.1795,85
3044,32.1054,951
3045,24.8837,799
3046,9.7562,287
3047,22.3296,1089
3048,28.98,341
3049,48.1451,1055
3050,25.3075,260
3051,28.8337,96
3052,18.0815,44
3053,12.9557,0
3054,7.2635,0
3055,17.4543,9
3056,2.8141,2
3057,9.1762,27
3058,10.8337,135
3059,3.2439,5
3060,0.0,0
3061,1.2434,0
3062,0.0,0
3063,0.0,0
3064,5.163,0
3065,5.0805,1
3066,0.0,0
3067,15.1112,1
3068,9.2605,0
3069,15.2023,0
3070,5.874,0
3071,0.0,2
3072,20.3388,7
3073,8.7288,2
3074,8.226,1
3075,4.005,0
3076,6.6602,0
3077,3.9723,0
3078,11.4315,0
3079,8.2013,1
3080,6.2931,0
3081,0.0,0
3082,0.0,0
3083,7.1067,0
3084,6.1367,0
3085,12.9861,4
3086,4.8606,3
3087,7.8016,30
3088,15.8002,11
3089,18.274,14
3090,11.075,27
3091,39.3306,9
3092,27.1145,0
3093,23.1105,0
3094,14.6045,1
3095,24.308,0
3096,22.5668,3
3097,5.152,2
3098,11.9959,3
3099,7.3649,24
3100,10.0217,0
3101,14.1251,116
3102,30.8102,349
3103,32.5006,21
3104,17.7572,130
3105,23.3756,105
3106,29.9451,64
3107,12.013,2
3108,4.3953,1
3109,27.9298,52
3110,38.8975,179
3111,37.1233,607
3112,17.807,424
3113,16.6787,192
3114,0.0,19
3115,12.997,242
3116,36.5104,634
3117,44.3914,1181
3118,49.429,928
3119,15.1738,119
3120,18.6448,0
3121,12.9212,13
3122,12.1984,26
3123,17.1465,122
3124,15.408,165
3125,13.6507,51
3126,18.3941,12
3127,15.5855,0
3128,2.2716,0
3129,0.0,0
3130,2.7154,0
3131,14.2257,3
3132,10.3406,0
3133,3.6789,0
3134,16.8232,3
3135,9.47,2
3136,5.9502,0
3137,11.148,0
3138,1.2237,0
3139,15.5707,1
3140,0.0,2
3141,10.2963,0
3142,7.6379,1
3143,6.5587,0
3144,12.8638,1
3145,3.241,0
3146,6.1533,0
3147,14.4689,1
3148,4.4291,2
3149,4.2369,0
3150,4.5704,0
3151,7.1252,0
3152,8.3211,0
3153,11.8994,0
3154,1.8886,7
3155,10.1322,5
3156,9.8407,1
3157,6.8343,0
3158,17.0356,0
3159,15.2376,0
3160,36.243,2
3161,18.0141,9
3162,10.7602,4
3163,13.321,0
3164,8.0216,0
3165,10.0018,17
3166,9.3718,55
3167,12.7783,96
3168,19.8116,161
3169,22.5168,397
3170,12.2746,194
3171,17.0461,71
3172,16.7936,100
3173,15.2062,62
3174,17.8479,1
3175,14.671,0
3176,5.6387,29
3177,22.3875,45
3178,25.1747,209
3179,23.7971,97
3180,24.7995,190
3181,4.1018,77
3182,3.2981,106
3183,12.4912,29
3184,11.0517,317
3185,21.0501,504
3186,24.1702,238
3187,22.7079,39
3188,18.6955,8
3189,21.3536,93
3190,8.6904,46
3191,4.5106,2
3192,13.9493,42
3193,35.9191,111
3194,18.0746,79
3195,5.4048,0
3196,9.5722,0
3197,16.6939,0
3198,14.6342,10
3199,4.2452,0
3200,1.9421,0
3201,9.064,0
3202,8.743,0
3203,3.0245,0
3204,9.1871,0
3205,8.6287,6
3206,22.3501,4
3207,7.7802,4
3208,1.3864,0
3209,12.8497,2
3210,6.835,4
3211,9.0776,0
3212,11.974,0
3213,11.0733,0
3214,3.2025,0
3215,0.0,0
3216,0.7455,0
3217,5.3394,20
3218,18.0947,139
3219,8.4819,0
3220,6.6247,0
3221,11.9601,1
3222,18.2936,2
3223,10.3757,0
3224,8.6255,0
3225,5.0317,0
3226,9.9066,0
3227,8.5553,2
3228,10.9446,10
3229,7.5138,1
3230,14.2133,0
3231,10.3525,0
3232,14.9494,0
3233,16.8227,0
3234,31.4449,81
3235,38.5133,624
3236,6.1554,105
3237,15.0683,309
3238,4.6087,0
3239,26.6616,15
3240,21.5353,0
3241,25.0435,0
3242,16.4906,12
3243,0.498,0
3244,10.4695,19
3245,35.4616,82
3246,10.1451,34
3247,32.0067,167
3248,2.8007,3
3249,0.2618,0
3250,0.0,2
3251,16.544,2
3252,6.0384,26
3253,23.7594,78
3254,21.7918,0
3255,10.8373,26
3256,20.9487,309
3257,17.0244,209
3258,17.8672,20
3259,19.0297,37
3260,12.0574,61
3261,9.2418,34
3262,19.107,2
3263,25.1523,0
3264,18.2933,1
3265,23.8143,20
3266,12.6457,0
3267,0.0,0
3268,11.3092,1
3269,13.9918,0
3270,11.2864,0
3271,5.925,0
3272,14.742,0
3273,22.6278,2
3274,29.8924,6
3275,4.0625,0
3276,11.293,0
3277,12.4328,4
3278,7.4804,2
3279,3.5832,1
3280,0.0,0
3281,8.2841,0
3282,5.1128,0
3283,6.2566,7
3284,6.4493,64
3285,17.0993,23
3286,12.7184,4
3287,6.9981,1
3288,15.2278,1
3289,21.8251,0
3290,15.3636,0
3291,14.617,0
3292,8.2302,0
3293,10.526,0
3294,1.7109,0
3295,14.9933,0
3296,16.9299,0
3297,13.9943,0
3298,15.8213,0
3299,21.4743,0
3300,8.5523,0
3301,18.5248,1
3302,21.5253,157
3303,4.3654,11
3304,3.0191,9
3305,8.8355,0
3306,11.7482,14
3307,25.9361,0
3308,13.9356,0
3309,10.9013,0
3310,6.6903,0
3311,13.8696,66
3312,26.0557,176
3313,27.0057,136
3314,34.9217,155
3315,17.2603,190
3316,20.0447,11
3317,11.7551,54
3318,27.7477,43
3319,23.9287,2
3320,16.2616,150
3321,15.5233,12
3322,19.3643,0
3323,26.5627,11
3324,13.5997,106
3325,6.7443,53
3326,5.2315,12
3327,18.4479,8
3328,9.8616,33
3329,2.221,12
3330,7.0656,2
3331,6.3297,1
3332,2.5643,0
3333,12.8245,0
3334,1.039,0
3335,6.8378,1
3336,14.0524,0
3337,8.6907,0
3338,18.005,0
3339,10.9009,0
3340,10.6159,6
3341,13.4235,5
3342,4.4153,0
3343,14.0705,0
3344,4.2069,0
3345,9.0218,3
3346,5.3333,5
3347,12.1979,0
3348,8.6062,0
3349,7.1482,0
3350,6.1287,0
3351,8.947,1
3352,7.5599,3
3353,9.7929,7
3354,14.3862,3
3355,8.303,0
3356,5.4738,0
3357,9.0869,0
3358,18.0549,0
3359,6.7103,0
3360,1.5434,0
3361,6.4722,0
3362,13.408,0
3363,7.1542,0
3364,18.5159,0
3365,14.1613,0
3366,10.3251,0
3367,6.1518,0
3368,6.7302,0
3369,9.0949,8
3370,0.0,0
3371,5.0538,0
3372,14.5707,0
3373,15.454,0
3374,16.8043,0
3375,14.3028,0
3376,21.6113,0
3377,11.2238,0
3378,22.2911,23
3379,24.1504,36
3380,18.1946,6
3381,13.7016,6
3382,5.1381,2
3383,8.257,24
3384,20.5152,29
3385,28.1626,378
3386,25.2106,116
3387,11.1452,440
3388,17.6216,64
3389,23.7902,2
3390,10.7098,108
3391,7.5097,4
3392,12.1007,9
3393,9.0581,32
3394,10.5905,45
3395,10.8168,90
3396,17.9974,7
3397,15.1485,9
3398,17.802,0
3399,8.3549,0
3400,13.7411,0
3401,24.6481,0
3402,6.9908,0
3403,8.4665,0
3404,9.9678,0
3405,14.938,0
3406,3.8132,0
3407,3.8132,2
3408,6.752,42
3409,1.4834,57
3410,11.0858,17
3411,6.8165,0
3412,6.8165,0
3413,12.7321,0
3414,4.1867,0
3415,6.0096,0
3416,8.856,0
3417,9.0179,0
3418,12.5172,1
3419,5.4322,3
3420,10.1439,12
3421,3.7222,9
3422,4.6356,0
3423,0.8256,0
3424,11.4962,0
3425,2.7398,0
3426,3.9867,0
3427,11.9657,0
3428,6.7474,0
3429,13.0537,3
3430,10.3853,0
3431,7.595,0
3432,3.6087,0
3433,5.3359,1
3434,7.9835,2
3435,2.9411,0
3436,5.0607,0
3437,5.0607,3
3438,0.0,0
3439,6.7828,0
3440,8.4535,0
3441,13.0357,0
3442,9.3802,2
3443,7.74,2
3444,9.0092,0
3445,24.179,42
3446,12.5668,56
3447,7.1888,0
3448,11.2924,3
3449,15.6146,12
3450,17.3616,62
3451,25.8458,47
3452,3.6978,24
3453,22.9024,311
3454,21.2125,210
3455,16.1307,73
3456,18.4977,2
3457,19.6671,153
3458,17.8801,0
3459,23.2475,11
3460,7.6501,0
3461,8.4116,4
3462,7.8281,52
3463,15.3525,26
3464,9.4303,9
3465,12.2021,0
3466,8.2661,0
3467,8.3662,4
3468,8.2565,0
3469,8.3307,0
3470,5.8362,0
3471,14.2794,0
3472,12.4381,0
3473,1.8621,0
3474,1.8621,5
3475,10.8029,0
3476,3.7437,26
3477,10.2183,9
3478,0.0,0
3479,0.0,0
3480,9.0535,0
3481,13.4478,0
3482,7.2333,0
3483,0.5179,0
3484,6.2319,0
3485,7.78,0
3486,3.9348,9
3487,3.9348,4
3488,7.515,1
3489,8.6777,0
3490,4.6228,0
3491,9.7762,0
3492,3.4491,0
3493,0.0,0
3494,6.2432,0
3495,8.9035,0
3496,21.8375,0
3497,9.266,0
3498,10.8015,0
3499,14.724,0
3500,18.4349,0
3501,3.1281,2
3502,0.0,0
3503,5.747,0
3504,16.4883,0
3505,0.0,0
3506,6.7828,0
3507,2.7468,0
3508,16.5749,1
3509,20.0926,9
3510,10.2873,12
3511,12.1926,7
3512,23.3031,124
3513,27.9479,12
3514,12.4512,0
3515,12.4713,1
3516,5.6343,40
3517,14.3904,23
3518,15.7365,0
3519,13.7048,6
3520,18.2265,44
3521,36.7218,156
3522,11.6949,36
3523,13.5386,7
3524,18.5153,46
3525,7.0968,0
3526,6.4716,0
3527,13.3159,0
3528,9.5835,1
3529,10.5831,4
3530,9.0754,8
3531,13.5095,39
3532,19.7893,27
3533,19.6582,10
3534,6.0311,0
3535,10.6809,0
3536,10.3923,0
3537,0.417,0
3538,21.4933,0
3539,15.0124,0
3540,7.2334,0
3541,13.6693,6
3542,6.9891,0
3543,9.8012,0
3544,4.2214,0
3545,0.0,0
3546,0.0,0
3547,8.464,0
3548,11.4509,0
3549,8.116,0
3550,4.1213,0
3551,10.326,0
3552,9.4634,0
3553,10.6721,11
3554,0.0,2
3555,8.577,0
3556,12.3744,0
3557,7.3197,0
3558,3.2213,0
3559,7.9734,0
3560,10.2203,0
3561,7.7881,0
3562,15.1298,0
3563,26.4523,0
3564,3.5129,0
3565,12.159,0
3566,3.1101,0
3567,8.5237,0
3568,4.047,0
3569,5.747,0
3570,5.747,9
3571,5.6806,0
3572,5.6806,0
3573,7.7005,0
3574,2.15,0
3575,19.6519,0
3576,9.7974,0
3577,13.4176,1
3578,9.2254,6
3579,3.6826,264
3580,14.7494,41
3581,25.3713,7
3582,16.1419,8
3583,8.5556,101
3584,4.763,251
3585,8.2461,0
3586,16.6482,4
3587,12.5608,1
3588,12.046,96
3589,9.557,104
3590,11.1569,11
3591,15.0348,18
3592,16.7187,19
3593,12.8588,8
3594,10.7324,0
3595,10.8447,0
3596,14.5595,5
3597,17.0696,71
3598,15.3713,61
3599,8.4728,10
3600,16.5111,3
3601,13.698,1
3602,12.2222,0
3603,3.8709,0
3604,12.1571,0
3605,14.0058,0
3606,20.5382,2
3607,4.5366,0
3608,7.0458,7
3609,4.906,0
3610,7.5935,0
3611,0.0,0
3612,0.0,0
3613,5.9964,0
3614,20.1105,0
3615,3.9984,0
3616,0.0,0
3617,0.0,0
3618,5.5871,0
3619,7.5872,0
3620,10.9135,2
3621,6.3545,0
3622,6.3545,0
3623,3.3177,0
3624,12.8392,0
3625,12.5788,1
3626,6.342,0
3627,5.1567,0
3628,7.9012,0
3629,5.8683,0
3630,2.1587,0
3631,14.7246,0
3632,7.5783,0
3633,3.5967,0
3634,7.8932,0
3635,10.2093,0
3636,0.0,0
3637,0.0,0
3638,12.4321,0
3639,0.0,0
3640,3.6946,1
3641,9.6639,0
3642,8.305,0
3643,7.487,0
3644,10.725,0
3645,31.5953,1
3646,18.6651,1
3647,8.6019,0
3648,16.7397,345
3649,4.8017,10
3650,14.7075,32
3651,11.5001,286
3652,16.5632,9
3653,14.0277,70
3654,12.0836,197
3655,4.7851,39
3656,12.9769,64
3657,10.5874,49
3658,6.4908,69
3659,13.5502,60
3660,16.1781,7
3661,7.1844,4
3662,11.0205,6
3663,4.0964,6
3664,2.0613,1
3665,0.0,4
3666,5.1182,6
3667,15.8821,0
3668,14.5605,0
3669,8.8046,1
3670,10.0893,1
3671,9.1452,0
3672,9.0941,9
3673,15.8619,1
3674,14.4317,1
3675,9.2128,13
3676,6.2133,0
3677,10.6572,0
3678,9.9939,15
3679,6.3336,0
3680,7.203,0
3681,6.1563,0
3682,7.3263,0
3683,0.0,0
3684,0.0,0
3685,4.7518,0
3686,3.5545,0
3687,8.9511,0
3688,0.0,0
3689,0.0,0
3690,0.4539,0
3691,1.3189,0
3692,0.0,0
3693,6.0264,0
3694,5.6981,0
3695,3.9041,0
3696,8.2,0
3697,9.2219,0
3698,1.1342,0
3699,1.2128,0
3700,5.9588,0
3701,0.0,0
3702,0.0,0
3703,0.0,0
3704,0.0,0
3705,3.1082,0
3706,1.4837,0
3707,3.3541,0
3708,0.0,0
3709,0.6645,0
3710,5.7501,0
3711,1.6163,0
3712,7.2408,0
3713,3.6267,0
3714,2.1207,54
3715,6.7467,28
3716,6.4156,0
3717,4.046,0
3718,8.8648,6
3719,14.7204,1
3720,4.5923,2
3721,4.8159,64
3722,6.0293,44
3723,2.1006,13
3724,4.2343,17
3725,5.1078,4
3726,9.7818,0
3727,13.7255,15
3728,7.166,13
3729,15.3486,21
3730,14.7482,37
3731,1.2849,11
3732,0.0,0
3733,5.5618,3
3734,8.1811,0
3735,5.9101,0
3736,0.0,0
3737,5.2393,0
3738,9.2646,0
3739,3.2908,0
3740,5.1513,0
3741,2.8346,0
3742,2.7566,0
3743,2.7566,0
3744,3.4439,0
3745,0.4162,3
3746,4.9159,0
3747,10.5026,0
3748,3.7995,0
3749,0.0,0
3750,0.0,0
3751,0.0,0
