cell_id,rainfall_2015,rainfall_2016,rainfall_2017,rainfall_2018,rainfall_2019,rainfall_2020,rainfall_2021,rainfall_2022,rainfall_2023,rainfall_2024,rainfall_mean,rainfall_anomaly
0,1088.2,643.4,1056.4,959.1,1063.4,1150.2,1464.1,1301.7,899.2,1208.0,1083.3700000000001,124.62999999999988
5,1088.2,643.4,1030.2,875.4,1035.9,1100.4,1476.1,1239.9,856.6,1137.0,1048.31,88.69000000000005
10,1179.8,691.4,1030.2,875.4,1035.9,1100.4,1476.1,1239.9,856.6,1137.0,1062.27,74.73000000000002
15,1179.8,691.4,1062.3,912.4,980.3,1106.6,1500.7,1256.8,828.6,1172.6,1069.15,103.44999999999982
20,1179.8,691.4,1062.3,912.4,980.3,1106.6,1500.7,1256.8,828.6,1172.6,1069.15,103.44999999999982
25,1179.8,691.4,1231.8,1022.7,973.2,1160.4,1482.1,1346.4,854.6,1240.4,1118.28,122.12000000000012
30,1179.8,691.4,1192.2,1009.5,960.4,1229.8,1364.1,1305.7,821.7,1257.1,1101.17,155.92999999999984
35,1179.8,691.4,1192.2,1009.5,960.4,1229.8,1364.1,1305.7,821.7,1257.1,1101.17,155.92999999999984
40,1236.8,687.8,1088.7,911.6,911.1,1204.3,1267.2,1153.5,721.3,1076.9,1025.9199999999998,50.980000000000246
45,1236.8,687.8,1088.7,911.6,911.1,1204.3,1267.2,1153.5,721.3,1076.9,1025.9199999999998,50.980000000000246
50,1236.8,687.8,997.6,854.7,835.4,1066.4,1254.9,1057.5,731.6,994.5,971.7199999999999,22.780000000000086
55,1236.8,687.8,997.6,854.7,835.4,1066.4,1254.9,1057.5,731.6,994.5,971.7199999999999,22.780000000000086
60,1236.8,687.8,1043.8,862.0,775.6,965.5,1260.3,1112.7,744.3,993.4,968.2199999999999,25.180000000000064
65,1222.0,647.0,1043.8,862.0,775.6,965.5,1260.3,1112.7,744.3,993.4,962.6600000000001,30.739999999999895
70,1088.2,643.4,1030.2,875.4,1035.9,1100.4,1476.1,1239.9,856.6,1137.0,1048.31,88.69000000000005
75,1179.8,691.4,1030.2,875.4,1035.9,1100.4,1476.1,1239.9,856.6,1137.0,1062.27,74.73000000000002
80,1179.8,691.4,1062.3,912.4,980.3,1106.6,1500.7,1256.8,828.6,1172.6,1069.15,103.44999999999982
85,1179.8,691.4,1062.3,912.4,980.3,1106.6,1500.7,1256.8,828.6,1172.6,1069.15,103.44999999999982
90,1179.8,691.4,1231.8,1022.7,973.2,1160.4,1482.1,1346.4,854.6,1240.4,1118.28,122.12000000000012
95,1179.8,691.4,1192.2,1009.5,960.4,1229.8,1364.1,1305.7,821.7,1257.1,1101.17,155.92999999999984
100,1179.8,691.4,1192.2,1009.5,960.4,1229.8,1364.1,1305.7,821.7,1257.1,1101.17,155.92999999999984
105,1236.8,687.8,1192.2,1009.5,960.4,1229.8,1364.1,1305.7,821.7,1257.1,1106.5100000000002,150.5899999999997
110,1236.8,687.8,1088.7,911.6,911.1,1204.3,1267.2,1153.5,721.3,1076.9,1025.9199999999998,50.980000000000246
115,1236.8,687.8,997.6,854.7,835.4,1066.4,1254.9,1057.5,731.6,994.5,971.7199999999999,22.780000000000086
120,1236.8,687.8,997.6,854.7,835.4,1066.4,1254.9,1057.5,731.6,994.5,971.7199999999999,22.780000000000086
125,1236.8,687.8,1043.8,862.0,775.6,965.5,1260.3,1112.7,744.3,993.4,968.2199999999999,25.180000000000064
130,1236.8,687.8,1043.8,862.0,775.6,965.5,1260.3,1112.7,744.3,993.4,968.2199999999999,25.180000000000064
135,1088.2,643.4,1056.4,959.1,1063.4,1150.2,1464.1,1301.7,899.2,1208.0,1083.3700000000001,124.62999999999988
220,1179.8,691.4,1209.7,1008.5,1027.6,1236.3,1431.8,1337.8,882.6,1237.4,1124.29,113.11000000000013
225,1179.8,691.4,1209.7,1008.5,1027.6,1236.3,1431.8,1337.8,882.6,1237.4,1124.29,113.11000000000013
230,1179.8,691.4,1256.5,1028.5,996.6,1233.7,1390.3,1261.3,839.6,1191.0,1106.8700000000001,84.12999999999988
235,1179.8,691.4,1256.5,1028.5,996.6,1233.7,1390.3,1261.3,839.6,1191.0,1106.8700000000001,84.12999999999988
240,1236.8,687.8,1079.9,930.1,882.3,1182.7,1302.0,1096.4,695.2,1024.4,1011.76,12.6400000000001
245,1236.8,687.8,1079.9,930.1,882.3,1182.7,1302.0,1096.4,695.2,1024.4,1011.76,12.6400000000001
250,1236.8,687.8,983.2,836.2,800.3,1039.1,1247.5,1003.4,724.9,965.0,952.4199999999998,12.580000000000155
255,1236.8,687.8,983.2,836.2,800.3,1039.1,1247.5,1003.4,724.9,965.0,952.4199999999998,12.580000000000155
260,1236.8,687.8,923.0,862.1,778.4,973.2,1262.2,1024.8,734.1,1001.4,948.3799999999999,53.020000000000095
265,1222.0,647.0,923.0,862.1,778.4,973.2,1262.2,1024.8,734.1,1001.4,942.8199999999999,58.58000000000004
270,1088.2,643.4,1055.1,851.7,1013.4,1092.6,1484.3,1217.8,821.7,1122.4,1039.06,83.34000000000015
275,1088.2,643.4,1055.1,851.7,1013.4,1092.6,1484.3,1217.8,821.7,1122.4,1039.06,83.34000000000015
280,1179.8,691.4,1070.8,919.5,993.8,1129.5,1464.4,1269.7,801.0,1128.2,1064.8100000000002,63.38999999999987
285,1179.8,691.4,1070.8,919.5,993.8,1129.5,1464.4,1269.7,801.0,1128.2,1064.8100000000002,63.38999999999987
290,1179.8,691.4,1209.7,1008.5,1027.6,1236.3,1431.8,1337.8,882.6,1237.4,1124.29,113.11000000000013
295,1179.8,691.4,1209.7,1008.5,1027.6,1236.3,1431.8,1337.8,882.6,1237.4,1124.29,113.11000000000013
300,1179.8,691.4,1256.5,1028.5,996.6,1233.7,1390.3,1261.3,839.6,1191.0,1106.8700000000001,84.12999999999988
305,1236.8,687.8,1256.5,1028.5,996.6,1233.7,1390.3,1261.3,839.6,1191.0,1112.21,78.78999999999996
310,1236.8,687.8,1079.9,930.1,882.3,1182.7,1302.0,1096.4,695.2,1024.4,1011.76,12.6400000000001
315,1236.8,687.8,983.2,836.2,800.3,1039.1,1247.5,1003.4,724.9,965.0,952.4199999999998,12.580000000000155
320,1236.8,687.8,983.2,836.2,800.3,1039.1,1247.5,1003.4,724.9,965.0,952.4199999999998,12.580000000000155
325,1236.8,687.8,923.0,862.1,778.4,973.2,1262.2,1024.8,734.1,1001.4,948.3799999999999,53.020000000000095
330,1236.8,687.8,923.0,862.1,778.4,973.2,1262.2,1024.8,734.1,1001.4,948.3799999999999,53.020000000000095
385,1236.8,687.8,983.2,836.2,800.3,1039.1,1247.5,1003.4,724.9,965.0,952.4199999999998,12.580000000000155
390,1236.8,687.8,983.2,836.2,800.3,1039.1,1247.5,1003.4,724.9,965.0,952.4199999999998,12.580000000000155
395,1236.8,687.8,923.0,862.1,778.4,973.2,1262.2,1024.8,734.1,1001.4,948.3799999999999,53.020000000000095
400,1222.0,647.0,954.6,790.3,798.9,1009.6,1285.9,1111.4,750.0,1037.5,960.7199999999999,76.78000000000009
405,1088.2,643.4,1055.1,851.7,1013.4,1092.6,1484.3,1217.8,821.7,1122.4,1039.06,83.34000000000015
410,1179.8,691.4,1055.1,851.7,1013.4,1092.6,1484.3,1217.8,821.7,1122.4,1053.02,69.38000000000011
415,1179.8,691.4,1070.8,919.5,993.8,1129.5,1464.4,1269.7,801.0,1128.2,1064.8100000000002,63.38999999999987
420,1179.8,691.4,1070.8,919.5,993.8,1129.5,1464.4,1269.7,801.0,1128.2,1064.8100000000002,63.38999999999987
425,1179.8,691.4,1209.7,1008.5,1027.6,1236.3,1431.8,1337.8,882.6,1237.4,1124.29,113.11000000000013
430,1179.8,691.4,1209.7,1008.5,1027.6,1236.3,1431.8,1337.8,882.6,1237.4,1124.29,113.11000000000013
435,1179.8,691.4,1256.5,1028.5,996.6,1233.7,1390.3,1261.3,839.6,1191.0,1106.8700000000001,84.12999999999988
440,1236.8,687.8,1079.9,930.1,882.3,1182.7,1302.0,1096.4,695.2,1024.4,1011.76,12.6400000000001
445,1236.8,687.8,1079.9,930.1,882.3,1182.7,1302.0,1096.4,695.2,1024.4,1011.76,12.6400000000001
450,1236.8,687.8,983.2,836.2,800.3,1039.1,1247.5,1003.4,724.9,965.0,952.4199999999998,12.580000000000155
455,1236.8,687.8,983.2,836.2,800.3,1039.1,1247.5,1003.4,724.9,965.0,952.4199999999998,12.580000000000155
460,1236.8,687.8,923.0,862.1,778.4,973.2,1262.2,1024.8,734.1,1001.4,948.3799999999999,53.020000000000095
465,1236.8,687.8,923.0,862.1,778.4,973.2,1262.2,1024.8,734.1,1001.4,948.3799999999999,53.020000000000095
470,1088.2,643.4,1055.1,851.7,1013.4,1092.6,1484.3,1217.8,821.7,1122.4,1039.06,83.34000000000015
475,1088.2,643.4,1055.1,851.7,1013.4,1092.6,1484.3,1217.8,821.7,1122.4,1039.06,83.34000000000015
480,1179.8,691.4,1070.8,919.5,993.8,1129.5,1464.4,1269.7,801.0,1128.2,1064.8100000000002,63.38999999999987
485,1179.8,691.4,1070.8,919.5,993.8,1129.5,1464.4,1269.7,801.0,1128.2,1064.8100000000002,63.38999999999987
490,1179.8,691.4,1209.7,1008.5,1027.6,1236.3,1431.8,1337.8,882.6,1237.4,1124.29,113.11000000000013
495,1179.8,691.4,1209.7,1008.5,1027.6,1236.3,1431.8,1337.8,882.6,1237.4,1124.29,113.11000000000013
550,1179.8,691.4,1070.8,919.5,993.8,1129.5,1464.4,1269.7,801.0,1128.2,1064.8100000000002,63.38999999999987
555,1179.8,691.4,1209.7,1008.5,1027.6,1236.3,1431.8,1337.8,882.6,1237.4,1124.29,113.11000000000013
560,1179.8,691.4,1209.7,1008.5,1027.6,1236.3,1431.8,1337.8,882.6,1237.4,1124.29,113.11000000000013
565,1179.8,691.4,1256.5,1028.5,996.6,1233.7,1390.3,1261.3,839.6,1191.0,1106.8700000000001,84.12999999999988
570,1179.8,691.4,1256.5,1028.5,996.6,1233.7,1390.3,1261.3,839.6,1191.0,1106.8700000000001,84.12999999999988
575,1236.8,687.8,1079.9,930.1,882.3,1182.7,1302.0,1096.4,695.2,1024.4,1011.76,12.6400000000001
580,1236.8,687.8,1079.9,930.1,882.3,1182.7,1302.0,1096.4,695.2,1024.4,1011.76,12.6400000000001
585,1236.8,687.8,983.2,836.2,800.3,1039.1,1247.5,1003.4,724.9,965.0,952.4199999999998,12.580000000000155
590,1236.8,687.8,983.2,836.2,800.3,1039.1,1247.5,1003.4,724.9,965.0,952.4199999999998,12.580000000000155
595,1236.8,687.8,923.0,862.1,778.4,973.2,1262.2,1024.8,734.1,1001.4,948.3799999999999,53.020000000000095
600,1222.0,647.0,923.0,862.1,778.4,973.2,1262.2,1024.8,734.1,1001.4,942.8199999999999,58.58000000000004
605,1088.2,643.4,1055.1,851.7,1013.4,1092.6,1484.3,1217.8,821.7,1122.4,1039.06,83.34000000000015
610,1088.2,643.4,1055.1,851.7,1013.4,1092.6,1484.3,1217.8,821.7,1122.4,1039.06,83.34000000000015
615,1179.8,691.4,1070.8,919.5,993.8,1129.5,1464.4,1269.7,801.0,1128.2,1064.8100000000002,63.38999999999987
620,1179.8,691.4,1070.8,919.5,993.8,1129.5,1464.4,1269.7,801.0,1128.2,1064.8100000000002,63.38999999999987
625,1179.8,691.4,1209.7,1008.5,1027.6,1236.3,1431.8,1337.8,882.6,1237.4,1124.29,113.11000000000013
630,1179.8,691.4,1209.7,1008.5,1027.6,1236.3,1431.8,1337.8,882.6,1237.4,1124.29,113.11000000000013
635,1179.8,691.4,1256.5,1028.5,996.6,1233.7,1390.3,1261.3,839.6,1191.0,1106.8700000000001,84.12999999999988
640,1236.8,687.8,1256.5,1028.5,996.6,1233.7,1390.3,1261.3,839.6,1191.0,1112.21,78.78999999999996
645,1236.8,687.8,1079.9,930.1,882.3,1182.7,1302.0,1096.4,695.2,1024.4,1011.76,12.6400000000001
650,1236.8,687.8,983.2,836.2,800.3,1039.1,1247.5,1003.4,724.9,965.0,952.4199999999998,12.580000000000155
655,1236.8,687.8,983.2,836.2,800.3,1039.1,1247.5,1003.4,724.9,965.0,952.4199999999998,12.580000000000155
660,1236.8,687.8,923.0,862.1,778.4,973.2,1262.2,1024.8,734.1,1001.4,948.3799999999999,53.020000000000095
750,1179.8,691.4,1125.6,926.2,1044.3,1185.0,1475.7,1252.1,816.7,1190.1,1088.69,101.40999999999985
755,1179.8,691.4,1171.9,1041.7,1077.1,1252.7,1486.3,1331.0,859.9,1192.6,1128.44,64.15999999999985
760,1179.8,691.4,1171.9,1041.7,1077.1,1252.7,1486.3,1331.0,859.9,1192.6,1128.44,64.15999999999985
765,1179.8,691.4,1177.1,1017.7,998.0,1247.9,1401.7,1264.6,825.9,1143.4,1094.7499999999998,48.65000000000032
770,1179.8,691.4,1177.1,1017.7,998.0,1247.9,1401.7,1264.6,825.9,1143.4,1094.7499999999998,48.65000000000032
775,1236.8,687.8,1012.7,893.8,850.2,1120.3,1306.9,1063.7,694.6,1010.5,987.7299999999999,22.770000000000095
780,1236.8,687.8,1012.7,893.8,850.2,1120.3,1306.9,1063.7,694.6,1010.5,987.7299999999999,22.770000000000095
785,1236.8,687.8,947.7,806.9,756.2,1042.2,1227.7,939.4,710.7,983.1,933.85,49.25
790,1236.8,687.8,947.7,806.9,756.2,1042.2,1227.7,939.4,710.7,983.1,933.85,49.25
795,1236.8,687.8,874.9,765.9,750.4,1027.3,1219.2,932.3,731.3,964.4,919.03,45.370000000000005
800,1236.8,687.8,874.9,765.9,750.4,1027.3,1219.2,932.3,731.3,964.4,919.03,45.370000000000005
805,1088.2,643.4,1090.0,882.2,1010.8,1129.6,1520.8,1175.5,830.4,1160.5,1053.1399999999999,107.36000000000013
810,1088.2,643.4,1090.0,882.2,1010.8,1129.6,1520.8,1175.5,830.4,1160.5,1053.1399999999999,107.36000000000013
815,1179.8,691.4,1125.6,926.2,1044.3,1185.0,1475.7,1252.1,816.7,1190.1,1088.69,101.40999999999985
820,1179.8,691.4,1125.6,926.2,1044.3,1185.0,1475.7,1252.1,816.7,1190.1,1088.69,101.40999999999985
825,1179.8,691.4,1171.9,1041.7,1077.1,1252.7,1486.3,1331.0,859.9,1192.6,1128.44,64.15999999999985
830,1179.8,691.4,1171.9,1041.7,1077.1,1252.7,1486.3,1331.0,859.9,1192.6,1128.44,64.15999999999985
835,1179.8,691.4,1177.1,1017.7,998.0,1247.9,1401.7,1264.6,825.9,1143.4,1094.7499999999998,48.65000000000032
840,1236.8,687.8,1012.7,893.8,850.2,1120.3,1306.9,1063.7,694.6,1010.5,987.7299999999999,22.770000000000095
845,1236.8,687.8,1012.7,893.8,850.2,1120.3,1306.9,1063.7,694.6,1010.5,987.7299999999999,22.770000000000095
850,1236.8,687.8,947.7,806.9,756.2,1042.2,1227.7,939.4,710.7,983.1,933.85,49.25
855,1236.8,687.8,947.7,806.9,756.2,1042.2,1227.7,939.4,710.7,983.1,933.85,49.25
860,1236.8,687.8,874.9,765.9,750.4,1027.3,1219.2,932.3,731.3,964.4,919.03,45.370000000000005
980,1236.8,687.8,1012.7,893.8,850.2,1120.3,1306.9,1063.7,694.6,1010.5,987.7299999999999,22.770000000000095
985,1236.8,687.8,947.7,806.9,756.2,1042.2,1227.7,939.4,710.7,983.1,933.85,49.25
990,1236.8,687.8,947.7,806.9,756.2,1042.2,1227.7,939.4,710.7,983.1,933.85,49.25
995,1236.8,687.8,874.9,765.9,750.4,1027.3,1219.2,932.3,731.3,964.4,919.03,45.370000000000005
1000,1236.8,687.8,874.9,765.9,750.4,1027.3,1219.2,932.3,731.3,964.4,919.03,45.370000000000005
1005,1088.2,643.4,1090.0,882.2,1010.8,1129.6,1520.8,1175.5,830.4,1160.5,1053.1399999999999,107.36000000000013
1010,1088.2,643.4,1090.0,882.2,1010.8,1129.6,1520.8,1175.5,830.4,1160.5,1053.1399999999999,107.36000000000013
1015,1179.8,691.4,1125.6,926.2,1044.3,1185.0,1475.7,1252.1,816.7,1190.1,1088.69,101.40999999999985
1020,1179.8,691.4,1125.6,926.2,1044.3,1185.0,1475.7,1252.1,816.7,1190.1,1088.69,101.40999999999985
1025,1179.8,691.4,1171.9,1041.7,1077.1,1252.7,1486.3,1331.0,859.9,1192.6,1128.44,64.15999999999985
1030,1179.8,691.4,1171.9,1041.7,1077.1,1252.7,1486.3,1331.0,859.9,1192.6,1128.44,64.15999999999985
1035,1179.8,691.4,1177.1,1017.7,998.0,1247.9,1401.7,1264.6,825.9,1143.4,1094.7499999999998,48.65000000000032
1040,1179.8,691.4,1177.1,1017.7,998.0,1247.9,1401.7,1264.6,825.9,1143.4,1094.7499999999998,48.65000000000032
1045,1236.8,687.8,1012.7,893.8,850.2,1120.3,1306.9,1063.7,694.6,1010.5,987.7299999999999,22.770000000000095
1050,1236.8,687.8,947.7,806.9,756.2,1042.2,1227.7,939.4,710.7,983.1,933.85,49.25
1055,1236.8,687.8,947.7,806.9,756.2,1042.2,1227.7,939.4,710.7,983.1,933.85,49.25
1060,1236.8,687.8,874.9,765.9,750.4,1027.3,1219.2,932.3,731.3,964.4,919.03,45.370000000000005
1065,1236.8,687.8,874.9,765.9,750.4,1027.3,1219.2,932.3,731.3,964.4,919.03,45.370000000000005
1070,1222.0,647.0,891.0,752.2,791.5,1037.9,1294.3,1061.3,733.3,1064.5,949.5,115.0
1075,1088.2,643.4,1090.0,882.2,1010.8,1129.6,1520.8,1175.5,830.4,1160.5,1053.1399999999999,107.36000000000013
1080,1179.8,691.4,1090.0,882.2,1010.8,1129.6,1520.8,1175.5,830.4,1160.5,1067.1,93.40000000000009
1085,1179.8,691.4,1125.6,926.2,1044.3,1185.0,1475.7,1252.1,816.7,1190.1,1088.69,101.40999999999985
1090,1179.8,691.4,1171.9,1041.7,1077.1,1252.7,1486.3,1331.0,859.9,1192.6,1128.44,64.15999999999985
1150,1179.8,691.4,1125.6,926.2,1044.3,1185.0,1475.7,1252.1,816.7,1190.1,1088.69,101.40999999999985
1155,1179.8,691.4,1125.6,926.2,1044.3,1185.0,1475.7,1252.1,816.7,1190.1,1088.69,101.40999999999985
1160,1179.8,691.4,1171.9,1041.7,1077.1,1252.7,1486.3,1331.0,859.9,1192.6,1128.44,64.15999999999985
1165,1179.8,691.4,1171.9,1041.7,1077.1,1252.7,1486.3,1331.0,859.9,1192.6,1128.44,64.15999999999985
1170,1179.8,691.4,1177.1,1017.7,998.0,1247.9,1401.7,1264.6,825.9,1143.4,1094.7499999999998,48.65000000000032
1175,1236.8,687.8,1012.7,893.8,850.2,1120.3,1306.9,1063.7,694.6,1010.5,987.7299999999999,22.770000000000095
1180,1236.8,687.8,1012.7,893.8,850.2,1120.3,1306.9,1063.7,694.6,1010.5,987.7299999999999,22.770000000000095
1185,1236.8,687.8,947.7,806.9,756.2,1042.2,1227.7,939.4,710.7,983.1,933.85,49.25
1190,1236.8,687.8,947.7,806.9,756.2,1042.2,1227.7,939.4,710.7,983.1,933.85,49.25
1195,1236.8,687.8,874.9,765.9,750.4,1027.3,1219.2,932.3,731.3,964.4,919.03,45.370000000000005
1200,1236.8,687.8,874.9,765.9,750.4,1027.3,1219.2,932.3,731.3,964.4,919.03,45.370000000000005
1205,1222.0,647.0,891.0,752.2,791.5,1037.9,1294.3,1061.3,733.3,1064.5,949.5,115.0
1210,1088.2,643.4,1028.2,948.9,1056.0,1180.3,1563.9,1186.2,755.1,1152.7,1060.2900000000004,92.40999999999963
1215,1179.8,691.4,1076.2,961.8,1043.8,1240.0,1544.5,1229.5,773.1,1205.4,1094.55,110.85000000000014
1220,1179.8,691.4,1125.6,926.2,1044.3,1185.0,1475.7,1252.1,816.7,1190.1,1088.69,101.40999999999985
1225,1179.8,691.4,1109.2,993.7,1094.8,1304.6,1545.1,1320.7,817.0,1206.4,1126.27,80.13000000000011
1230,1179.8,691.4,1171.9,1041.7,1077.1,1252.7,1486.3,1331.0,859.9,1192.6,1128.44,64.15999999999985
1235,1179.8,691.4,1073.2,965.8,986.1,1244.6,1456.5,1232.0,823.0,1100.7,1075.31,25.3900000000001
1240,1179.8,691.4,1177.1,1017.7,998.0,1247.9,1401.7,1264.6,825.9,1143.4,1094.7499999999998,48.65000000000032
1245,1236.8,687.8,1005.8,863.9,868.1,1169.7,1347.6,1084.8,717.0,1009.9,999.1399999999998,10.760000000000218
1250,1236.8,687.8,1012.7,893.8,850.2,1120.3,1306.9,1063.7,694.6,1010.5,987.7299999999999,22.770000000000095
1255,1236.8,687.8,959.6,792.6,767.2,1116.0,1240.3,980.5,722.2,954.4,945.74,8.659999999999968
1260,1236.8,687.8,929.8,768.9,757.0,1063.5,1233.7,954.7,736.7,987.4,935.6299999999999,51.770000000000095
1275,1193.0,770.5,1028.2,948.9,1056.0,1180.3,1563.9,1186.2,755.1,1152.7,1083.4800000000002,69.2199999999998
1280,1193.0,770.5,1028.2,948.9,1056.0,1180.3,1563.9,1186.2,755.1,1152.7,1083.4800000000002,69.2199999999998
1285,1176.9,775.5,1076.2,961.8,1043.8,1240.0,1544.5,1229.5,773.1,1205.4,1102.67,102.73000000000002
1290,1176.9,775.5,1109.2,993.7,1094.8,1304.6,1545.1,1320.7,817.0,1206.4,1134.39,72.00999999999999
1295,1176.9,775.5,1109.2,993.7,1094.8,1304.6,1545.1,1320.7,817.0,1206.4,1134.39,72.00999999999999
1300,1176.9,775.5,1073.2,965.8,986.1,1244.6,1456.5,1232.0,823.0,1100.7,1083.43,17.269999999999982
1305,1176.9,775.5,1073.2,965.8,986.1,1244.6,1456.5,1232.0,823.0,1100.7,1083.43,17.269999999999982
1310,1203.8,746.4,1005.8,863.9,868.1,1169.7,1347.6,1084.8,717.0,1009.9,1001.6999999999998,8.20000000000016
1315,1203.8,746.4,1005.8,863.9,868.1,1169.7,1347.6,1084.8,717.0,1009.9,1001.6999999999998,8.20000000000016
1320,1203.8,746.4,959.6,792.6,767.2,1116.0,1240.3,980.5,722.2,954.4,948.3,6.100000000000023
1325,1203.8,746.4,959.6,792.6,767.2,1116.0,1240.3,980.5,722.2,954.4,948.3,6.100000000000023
1330,1203.8,746.4,929.8,768.9,757.0,1063.5,1233.7,954.7,736.7,987.4,938.1899999999999,49.210000000000036
1335,1203.8,746.4,945.4,725.7,794.6,1080.9,1268.3,1061.7,717.7,1049.3,959.3800000000001,89.91999999999985
1340,1193.0,770.5,1028.2,948.9,1056.0,1180.3,1563.9,1186.2,755.1,1152.7,1083.4800000000002,69.2199999999998
1345,1193.0,770.5,1028.2,948.9,1056.0,1180.3,1563.9,1186.2,755.1,1152.7,1083.4800000000002,69.2199999999998
1350,1176.9,775.5,1076.2,961.8,1043.8,1240.0,1544.5,1229.5,773.1,1205.4,1102.67,102.73000000000002
1355,1176.9,775.5,1076.2,961.8,1043.8,1240.0,1544.5,1229.5,773.1,1205.4,1102.67,102.73000000000002
1360,1176.9,775.5,1109.2,993.7,1094.8,1304.6,1545.1,1320.7,817.0,1206.4,1134.39,72.00999999999999
1365,1176.9,775.5,1109.2,993.7,1094.8,1304.6,1545.1,1320.7,817.0,1206.4,1134.39,72.00999999999999
1370,1176.9,775.5,1073.2,965.8,986.1,1244.6,1456.5,1232.0,823.0,1100.7,1083.43,17.269999999999982
1375,1176.9,775.5,1005.8,863.9,868.1,1169.7,1347.6,1084.8,717.0,1009.9,1001.9199999999998,7.980000000000132
1380,1203.8,746.4,1005.8,863.9,868.1,1169.7,1347.6,1084.8,717.0,1009.9,1001.6999999999998,8.20000000000016
1385,1203.8,746.4,959.6,792.6,767.2,1116.0,1240.3,980.5,722.2,954.4,948.3,6.100000000000023
1455,1203.8,746.4,959.6,792.6,767.2,1116.0,1240.3,980.5,722.2,954.4,948.3,6.100000000000023
1460,1203.8,746.4,929.8,768.9,757.0,1063.5,1233.7,954.7,736.7,987.4,938.1899999999999,49.210000000000036
1465,1203.8,746.4,929.8,768.9,757.0,1063.5,1233.7,954.7,736.7,987.4,938.1899999999999,49.210000000000036
1470,1203.8,746.4,945.4,725.7,794.6,1080.9,1268.3,1061.7,717.7,1049.3,959.3800000000001,89.91999999999985
1475,1193.0,770.5,1028.2,948.9,1056.0,1180.3,1563.9,1186.2,755.1,1152.7,1083.4800000000002,69.2199999999998
1480,1193.0,770.5,1028.2,948.9,1056.0,1180.3,1563.9,1186.2,755.1,1152.7,1083.4800000000002,69.2199999999998
1485,1176.9,775.5,1076.2,961.8,1043.8,1240.0,1544.5,1229.5,773.1,1205.4,1102.67,102.73000000000002
1490,1176.9,775.5,1076.2,961.8,1043.8,1240.0,1544.5,1229.5,773.1,1205.4,1102.67,102.73000000000002
1495,1176.9,775.5,1109.2,993.7,1094.8,1304.6,1545.1,1320.7,817.0,1206.4,1134.39,72.00999999999999
1500,1176.9,775.5,1073.2,965.8,986.1,1244.6,1456.5,1232.0,823.0,1100.7,1083.43,17.269999999999982
1505,1176.9,775.5,1073.2,965.8,986.1,1244.6,1456.5,1232.0,823.0,1100.7,1083.43,17.269999999999982
1510,1203.8,746.4,1005.8,863.9,868.1,1169.7,1347.6,1084.8,717.0,1009.9,1001.6999999999998,8.20000000000016
1515,1203.8,746.4,1005.8,863.9,868.1,1169.7,1347.6,1084.8,717.0,1009.9,1001.6999999999998,8.20000000000016
1520,1203.8,746.4,959.6,792.6,767.2,1116.0,1240.3,980.5,722.2,954.4,948.3,6.100000000000023
1525,1203.8,746.4,959.6,792.6,767.2,1116.0,1240.3,980.5,722.2,954.4,948.3,6.100000000000023
1530,1203.8,746.4,929.8,768.9,757.0,1063.5,1233.7,954.7,736.7,987.4,938.1899999999999,49.210000000000036
1535,1203.8,746.4,929.8,768.9,757.0,1063.5,1233.7,954.7,736.7,987.4,938.1899999999999,49.210000000000036
1540,1211.1,695.8,945.4,725.7,794.6,1080.9,1268.3,1061.7,717.7,1049.3,955.05,94.25
1545,1193.0,770.5,1028.2,948.9,1056.0,1180.3,1563.9,1186.2,755.1,1152.7,1083.4800000000002,69.2199999999998
1550,1176.9,775.5,1076.2,961.8,1043.8,1240.0,1544.5,1229.5,773.1,1205.4,1102.67,102.73000000000002
1555,1176.9,775.5,1076.2,961.8,1043.8,1240.0,1544.5,1229.5,773.1,1205.4,1102.67,102.73000000000002
1560,1176.9,775.5,1109.2,993.7,1094.8,1304.6,1545.1,1320.7,817.0,1206.4,1134.39,72.00999999999999
1565,1176.9,775.5,1109.2,993.7,1094.8,1304.6,1545.1,1320.7,817.0,1206.4,1134.39,72.00999999999999
1785,1203.8,746.4,927.6,783.9,823.6,1185.4,1303.6,1029.1,703.8,1005.5,971.2700000000001,34.229999999999905
1790,1203.8,746.4,927.6,783.9,823.6,1185.4,1303.6,1029.1,703.8,1005.5,971.2700000000001,34.229999999999905
1795,1203.8,746.4,995.2,800.9,817.6,1118.9,1268.8,1040.8,712.6,1050.1,975.51,74.58999999999992
1800,1203.8,746.4,995.2,800.9,817.6,1118.9,1268.8,1040.8,712.6,1050.1,975.51,74.58999999999992
1805,1203.8,746.4,957.5,795.7,806.1,1103.2,1271.7,1109.4,701.2,1073.4,976.8399999999999,96.56000000000017
1810,1193.0,770.5,939.8,949.9,1020.7,1221.6,1534.9,1121.2,742.1,1102.2,1059.5900000000001,42.6099999999999
1815,1193.0,770.5,939.8,949.9,1020.7,1221.6,1534.9,1121.2,742.1,1102.2,1059.5900000000001,42.6099999999999
1820,1176.9,775.5,979.2,949.0,1038.2,1254.8,1490.9,1103.7,740.1,1120.0,1062.8300000000002,57.169999999999845
1825,1176.9,775.5,1088.0,1007.1,1072.6,1296.3,1508.9,1210.7,828.4,1167.8,1113.22,54.57999999999993
1830,1176.9,775.5,1088.0,1007.1,1072.6,1296.3,1508.9,1210.7,828.4,1167.8,1113.22,54.57999999999993
1835,1176.9,775.5,968.3,942.9,967.0,1268.6,1440.9,1185.3,795.5,1080.9,1060.1799999999998,20.720000000000255
1840,1176.9,775.5,968.3,942.9,967.0,1268.6,1440.9,1185.3,795.5,1080.9,1060.1799999999998,20.720000000000255
1845,1203.8,746.4,917.8,847.4,889.9,1245.8,1323.5,1110.1,760.1,1016.9,1006.1700000000001,10.729999999999905
1850,1203.8,746.4,917.8,847.4,889.9,1245.8,1323.5,1110.1,760.1,1016.9,1006.1700000000001,10.729999999999905
1855,1203.8,746.4,927.6,783.9,823.6,1185.4,1303.6,1029.1,703.8,1005.5,971.2700000000001,34.229999999999905
1860,1203.8,746.4,927.6,783.9,823.6,1185.4,1303.6,1029.1,703.8,1005.5,971.2700000000001,34.229999999999905
1865,1203.8,746.4,995.2,800.9,817.6,1118.9,1268.8,1040.8,712.6,1050.1,975.51,74.58999999999992
1870,1203.8,746.4,957.5,795.7,806.1,1103.2,1271.7,1109.4,701.2,1073.4,976.8399999999999,96.56000000000017
1875,1211.1,695.8,957.5,795.7,806.1,1103.2,1271.7,1109.4,701.2,1073.4,972.51,100.8900000000001
1880,1193.0,770.5,939.8,949.9,1020.7,1221.6,1534.9,1121.2,742.1,1102.2,1059.5900000000001,42.6099999999999
1885,1176.9,775.5,979.2,949.0,1038.2,1254.8,1490.9,1103.7,740.1,1120.0,1062.8300000000002,57.169999999999845
1890,1176.9,775.5,979.2,949.0,1038.2,1254.8,1490.9,1103.7,740.1,1120.0,1062.8300000000002,57.169999999999845
1895,1176.9,775.5,1088.0,1007.1,1072.6,1296.3,1508.9,1210.7,828.4,1167.8,1113.22,54.57999999999993
2155,1176.9,775.5,979.2,949.0,1038.2,1254.8,1490.9,1103.7,740.1,1120.0,1062.8300000000002,57.169999999999845
2160,1176.9,775.5,1088.0,1007.1,1072.6,1296.3,1508.9,1210.7,828.4,1167.8,1113.22,54.57999999999993
2165,1176.9,775.5,1088.0,1007.1,1072.6,1296.3,1508.9,1210.7,828.4,1167.8,1113.22,54.57999999999993
2170,1176.9,775.5,968.3,942.9,967.0,1268.6,1440.9,1185.3,795.5,1080.9,1060.1799999999998,20.720000000000255
2175,1176.9,775.5,968.3,942.9,967.0,1268.6,1440.9,1185.3,795.5,1080.9,1060.1799999999998,20.720000000000255
2180,1203.8,746.4,917.8,847.4,889.9,1245.8,1323.5,1110.1,760.1,1016.9,1006.1700000000001,10.729999999999905
2185,1203.8,746.4,917.8,847.4,889.9,1245.8,1323.5,1110.1,760.1,1016.9,1006.1700000000001,10.729999999999905
2190,1203.8,746.4,927.6,783.9,823.6,1185.4,1303.6,1029.1,703.8,1005.5,971.2700000000001,34.229999999999905
2195,1203.8,746.4,927.6,783.9,823.6,1185.4,1303.6,1029.1,703.8,1005.5,971.2700000000001,34.229999999999905
2200,1203.8,746.4,995.2,800.9,817.6,1118.9,1268.8,1040.8,712.6,1050.1,975.51,74.58999999999992
2205,1203.8,746.4,957.5,795.7,806.1,1103.2,1271.7,1109.4,701.2,1073.4,976.8399999999999,96.56000000000017
2210,1211.1,695.8,957.5,795.7,806.1,1103.2,1271.7,1109.4,701.2,1073.4,972.51,100.8900000000001
2215,1193.0,770.5,939.8,949.9,1020.7,1221.6,1534.9,1121.2,742.1,1102.2,1059.5900000000001,42.6099999999999
2220,1176.9,775.5,979.2,949.0,1038.2,1254.8,1490.9,1103.7,740.1,1120.0,1062.8300000000002,57.169999999999845
2225,1176.9,775.5,979.2,949.0,1038.2,1254.8,1490.9,1103.7,740.1,1120.0,1062.8300000000002,57.169999999999845
2230,1176.9,775.5,1088.0,1007.1,1072.6,1296.3,1508.9,1210.7,828.4,1167.8,1113.22,54.57999999999993
2235,1176.9,775.5,1088.0,1007.1,1072.6,1296.3,1508.9,1210.7,828.4,1167.8,1113.22,54.57999999999993
2240,1176.9,775.5,968.3,942.9,967.0,1268.6,1440.9,1185.3,795.5,1080.9,1060.1799999999998,20.720000000000255
2245,1176.9,775.5,900.0,873.3,919.1,1256.5,1327.5,1108.5,729.6,996.5,1006.3399999999999,-9.839999999999918
2250,1203.8,746.4,917.8,847.4,889.9,1245.8,1323.5,1110.1,760.1,1016.9,1006.1700000000001,10.729999999999905
2255,1203.8,746.4,927.6,783.9,823.6,1185.4,1303.6,1029.1,703.8,1005.5,971.2700000000001,34.229999999999905
2260,1203.8,746.4,927.6,783.9,823.6,1185.4,1303.6,1029.1,703.8,1005.5,971.2700000000001,34.229999999999905
2265,1203.8,746.4,995.2,800.9,817.6,1118.9,1268.8,1040.8,712.6,1050.1,975.51,74.58999999999992
2515,1203.8,746.4,900.0,873.3,919.1,1256.5,1327.5,1108.5,729.6,996.5,1006.1200000000001,-9.620000000000118
2520,1203.8,746.4,900.0,873.3,919.1,1256.5,1327.5,1108.5,729.6,996.5,1006.1200000000001,-9.620000000000118
2525,1203.8,746.4,859.8,812.1,874.4,1205.2,1310.1,1076.3,683.9,971.4,974.3399999999999,-2.939999999999941
2530,1203.8,746.4,935.6,843.6,866.5,1142.5,1291.5,1127.1,720.9,1015.9,989.3799999999999,26.520000000000095
2535,1203.8,746.4,935.6,843.6,866.5,1142.5,1291.5,1127.1,720.9,1015.9,989.3799999999999,26.520000000000095
2540,1203.8,746.4,945.5,815.5,826.7,1105.1,1275.8,1082.9,711.0,1041.9,975.46,66.44000000000005
2545,1211.1,695.8,945.5,815.5,826.7,1105.1,1275.8,1082.9,711.0,1041.9,971.1299999999999,70.77000000000021
2550,1193.0,770.5,860.8,954.1,988.4,1177.2,1449.7,1078.1,689.7,1100.4,1026.19,74.21000000000004
2555,1176.9,775.5,897.5,932.8,979.7,1152.2,1424.9,1072.3,650.7,1054.1,1011.6600000000001,42.43999999999983
2560,1176.9,775.5,992.3,1001.2,1025.6,1255.3,1469.8,1132.9,759.7,1084.0,1067.3200000000002,16.679999999999836
2565,1176.9,775.5,992.3,1001.2,1025.6,1255.3,1469.8,1132.9,759.7,1084.0,1067.3200000000002,16.679999999999836
2570,1176.9,775.5,943.9,944.9,974.2,1278.1,1414.9,1181.1,789.0,1075.1,1055.3600000000001,19.73999999999978
2575,1176.9,775.5,943.9,944.9,974.2,1278.1,1414.9,1181.1,789.0,1075.1,1055.3600000000001,19.73999999999978
2580,1176.9,775.5,900.0,873.3,919.1,1256.5,1327.5,1108.5,729.6,996.5,1006.3399999999999,-9.839999999999918
2585,1203.8,746.4,900.0,873.3,919.1,1256.5,1327.5,1108.5,729.6,996.5,1006.1200000000001,-9.620000000000118
2590,1203.8,746.4,859.8,812.1,874.4,1205.2,1310.1,1076.3,683.9,971.4,974.3399999999999,-2.939999999999941
2595,1203.8,746.4,859.8,812.1,874.4,1205.2,1310.1,1076.3,683.9,971.4,974.3399999999999,-2.939999999999941
2600,1203.8,746.4,935.6,843.6,866.5,1142.5,1291.5,1127.1,720.9,1015.9,989.3799999999999,26.520000000000095
2605,1203.8,746.4,935.6,843.6,866.5,1142.5,1291.5,1127.1,720.9,1015.9,989.3799999999999,26.520000000000095
2610,1211.1,695.8,945.5,815.5,826.7,1105.1,1275.8,1082.9,711.0,1041.9,971.1299999999999,70.77000000000021
2615,1193.0,770.5,860.8,954.1,988.4,1177.2,1449.7,1078.1,689.7,1100.4,1026.19,74.21000000000004
2620,1193.0,770.5,897.5,932.8,979.7,1152.2,1424.9,1072.3,650.7,1054.1,1012.7700000000001,41.329999999999814
2625,1176.9,775.5,897.5,932.8,979.7,1152.2,1424.9,1072.3,650.7,1054.1,1011.6600000000001,42.43999999999983
2855,1203.8,746.4,840.7,836.2,899.9,1157.9,1266.5,1098.0,667.7,944.6,966.1700000000001,-21.57000000000005
2860,1203.8,746.4,840.7,836.2,899.9,1157.9,1266.5,1098.0,667.7,944.6,966.1700000000001,-21.57000000000005
2865,1203.8,746.4,856.6,780.0,867.1,1117.6,1274.5,1119.6,668.9,945.8,958.03,-12.230000000000018
2870,1203.8,746.4,856.6,780.0,867.1,1117.6,1274.5,1119.6,668.9,945.8,958.03,-12.230000000000018
2875,1203.8,746.4,862.2,749.1,775.6,1034.5,1216.5,1027.6,642.4,990.3,924.8399999999998,65.46000000000015
2880,1211.1,695.8,862.2,749.1,775.6,1034.5,1216.5,1027.6,642.4,990.3,920.5099999999999,69.79000000000008
2885,1193.0,770.5,958.9,912.5,976.2,1128.5,1480.7,1061.2,661.2,1091.0,1023.3700000000001,67.62999999999988
2890,1176.9,775.5,958.9,912.5,976.2,1128.5,1480.7,1061.2,661.2,1091.0,1022.26,68.74000000000001
